400 40000 4
383 49
70 375
87 301
331 55
369 78
301 186
74 335
200 395
123 336
5 12
62 309
178 117
337 123
378 36
116 304
136 185
232 347
73 21
191 196
384 60
326 103
229 68
114 82
50 133
215 353
19 270
134 216
239 300
363 100
74 172
312 122
182 254
27 284
96 80
94 298
18 278
376 231
10 57
382 196
203 244
176 165
334 202
339 317
16 300
217 171
242 55
177 207
37 182
275 262
230 161
353 60
192 161
69 321
74 307
53 342
151 309
17 287
252 65
294 171
352 221
0 64
306 231
382 207
77 180
27 60
281 353
173 49
339 240
371 208
153 11
192 381
382 35
223 174
226 68
45 348
143 122
203 213
398 193
88 346
173 191
10 323
125 315
227 388
126 105
181 15
226 61
16 24
232 57
378 90
268 51
295 102
195 172
383 328
194 185
54 323
211 293
343 193
4 108
289 207
21 238
179 150
65 236
353 114
353 240
167 236
76 385
291 36
96 169
285 103
376 168
365 55
359 60
380 300
80 155
59 303
292 207
243 14
96 107
199 23
73 375
354 290
314 298
195 396
18 169
341 393
104 208
235 356
148 155
22 270
92 154
383 2
32 379
349 207
296 300
333 356
148 311
38 395
55 122
330 29
97 216
380 58
81 1
113 292
242 68
340 172
73 207
351 255
363 216
100 293
173 356
224 229
49 385
10 162
85 283
173 63
200 207
220 296
382 169
334 117
85 257
369 43
3 134
369 367
243 9
258 174
359 397
247 375
92 214
99 170
228 111
184 99
306 138
343 52
179 120
63 342
265 146
235 397
210 293
273 394
285 393
328 332
107 298
100 325
79 60
333 187
245 307
131 330
153 377
252 339
189 47
92 234
383 231
390 129
201 91
372 213
316 122
115 270
140 119
203 187
316 101
32 332
16 23
368 136
135 154
37 367
266 262
87 320
4 322
255 208
226 29
241 90
78 213
384 90
156 55
182 221
375 322
99 311
175 336
200 172
35 293
164 99
339 65
93 102
285 389
115 132
384 213
391 187
167 27
183 185
50 89
3 75
218 196
264 137
210 284
125 40
173 288
247 382
168 396
360 381
366 150
117 290
359 202
274 78
46 23
160 200
337 254
206 346
376 172
351 332
218 49
280 103
11 102
331 200
80 222
351 108
10 246
20 305
9 222
376 307
323 358
153 310
289 330
263 290
328 287
15 399
199 375
366 89
177 307
80 29
262 300
369 95
117 90
5 393
363 387
378 278
8 374
252 277
77 381
195 132
256 379
252 62
247 187
383 101
174 49
87 308
271 324
201 193
203 307
360 13
178 226
157 114
167 203
175 216
292 57
340 295
158 298
43 56
4 219
241 107
132 83
215 170
258 9
43 236
19 363
314 337
282 279
94 156
96 82
391 15
254 219
144 145
291 193
145 83
218 382
181 360
109 102
355 137
323 357
153 288
333 211
3 27
215 285
262 60
386 328
123 335
211 170
116 57
16 190
164 136
123 130
45 204
378 293
3 91
323 146
302 338
184 244
123 321
259 335
378 354
46 118
92 29
359 14
93 21
337 47
264 145
218 308
92 342
353 209
46 58
46 298
182 119
5 196
280 162
54 284
218 11
144 276
382 120
177 378
294 91
38 152
176 198
31 363
105 14
263 270
181 305
266 318
31 136
235 146
10 385
268 27
386 51
184 179
100 214
140 90
17 161
140 127
183 49
159 393
333 102
223 246
164 399
302 175
383 211
132 355
224 59
84 40
87 171
264 204
53 299
109 264
392 207
48 335
343 248
39 101
328 130
105 233
136 165
181 244
117 203
285 387
18 299
249 335
38 307
399 322
181 280
23 57
144 102
54 202
76 375
252 91
144 256
195 363
302 305
218 64
160 297
11 257
136 91
255 114
139 290
199 385
103 57
19 168
366 67
50 114
223 102
361 265
1 188
365 231
158 229
80 279
62 325
345 237
382 30
181 194
268 378
272 187
345 282
46 207
121 308
176 256
197 98
34 49
195 277
211 196
91 86
150 251
98 260
67 100
135 12
212 36
105 203
148 277
225 35
156 78
286 239
178 273
223 68
206 329
285 367
285 188
338 71
115 355
327 384
43 296
317 12
20 337
76 59
392 244
227 310
180 90
241 56
178 36
202 8
225 67
337 299
255 316
227 322
365 64
182 273
313 356
266 188
234 124
144 33
42 179
306 396
281 360
158 323
390 200
339 45
366 210
167 208
125 104
349 190
126 11
221 111
383 229
16 271
109 43
249 262
31 106
289 270
123 395
152 284
32 123
281 238
296 251
228 311
266 370
339 166
327 267
62 111
53 270
75 377
292 360
131 220
91 2
65 287
210 311
98 58
59 317
266 397
200 83
109 394
84 21
11 354
274 354
121 172
352 345
85 55
62 103
152 95
37 100
79 68
78 130
268 118
263 188
306 330
94 161
173 280
150 298
241 305
344 301
353 379
182 186
313 307
154 393
167 397
107 284
151 89
182 396
148 233
225 299
99 310
9 36
121 388
203 299
126 39
151 210
247 308
66 283
16 139
41 299
85 375
110 12
275 270
217 52
0 358
32 309
334 240
221 219
45 51
91 342
3 372
252 231
218 371
197 290
375 287
158 348
42 102
305 385
27 90
167 154
351 4
69 394
79 171
73 297
242 303
278 71
30 188
25 227
308 122
151 166
268 348
153 367
140 203
245 347
366 367
4 124
64 24
253 254
84 117
324 303
263 5
115 167
218 222
136 14
330 246
323 246
148 236
134 72
8 299
104 282
276 328
54 52
369 57
178 152
323 267
184 230
113 12
380 354
152 172
194 4
135 295
181 114
32 29
331 139
235 305
142 86
61 2
15 127
302 248
218 396
163 292
256 154
18 267
160 357
248 381
149 4
295 154
376 171
55 373
291 278
178 45
3 145
382 79
133 299
326 110
306 350
281 248
245 321
366 300
272 64
81 124
316 346
365 248
212 29
162 279
85 78
18 107
33 122
139 90
149 210
205 146
239 330
174 95
10 27
266 259
98 336
115 40
76 187
326 75
95 214
192 374
46 308
206 279
319 345
380 335
76 396
143 310
26 244
23 166
31 275
387 307
359 129
176 299
42 192
195 168
352 27
30 374
212 358
113 245
7 297
99 137
85 39
365 123
46 329
85 275
285 222
62 236
383 256
76 227
271 317
344 264
163 40
375 187
182 41
113 148
261 382
333 170
164 354
131 79
323 399
206 130
266 320
147 134
383 330
184 350
152 317
19 134
93 374
26 239
147 367
259 284
38 188
383 129
75 393
218 241
28 47
221 279
383 381
362 278
258 364
40 231
319 124
312 301
378 72
242 43
326 222
98 330
176 100
353 162
217 2
176 262
195 124
363 119
84 204
242 238
49 342
10 101
314 114
140 387
223 253
168 146
356 397
376 302
94 190
81 381
302 310
11 209
10 365
245 213
285 296
362 313
353 21
380 107
84 56
337 338
33 102
79 283
304 108
95 124
225 244
333 239
314 205
128 322
362 236
270 204
3 45
110 373
218 90
319 35
73 70
85 133
134 389
218 248
211 86
264 123
63 188
80 357
16 259
149 138
281 311
276 180
344 167
268 185
174 180
126 200
178 103
22 100
263 170
20 45
144 337
93 381
312 12
135 381
85 290
54 315
369 316
253 114
178 293
80 399
98 216
48 35
371 107
338 52
147 64
63 332
10 60
183 342
63 44
252 71
359 265
253 60
286 33
275 299
349 47
276 346
33 387
362 137
228 6
223 206
218 253
26 246
363 78
326 52
96 346
337 186
128 90
345 288
46 384
220 108
389 106
268 22
41 374
233 251
350 172
72 68
73 171
227 186
184 165
136 170
376 101
177 61
31 100
73 91
289 185
315 36
121 182
93 375
195 294
272 214
250 102
247 238
240 322
376 8
80 299
177 211
202 122
115 251
353 233
167 221
250 40
362 357
148 123
271 293
141 47
159 112
34 397
25 312
195 371
256 375
132 103
378 208
182 387
367 52
121 233
344 150
286 385
26 145
255 330
281 29
232 182
72 216
156 8
102 335
352 180
306 97
390 196
156 318
18 259
3 227
295 208
189 360
384 14
174 114
247 56
115 80
360 284
218 279
255 106
362 371
149 291
41 47
167 384
360 309
240 293
46 273
372 396
331 343
55 129
99 61
269 63
143 377
345 355
340 200
343 360
386 251
81 329
341 137
262 299
250 133
96 35
339 322
48 133
352 63
220 315
73 210
368 342
93 204
76 35
109 310
110 395
386 172
399 374
220 321
131 287
112 49
353 332
69 320
266 264
383 82
104 244
132 27
241 169
201 367
281 81
239 2
197 211
143 61
225 185
319 174
314 303
147 24
153 167
180 394
145 251
261 59
339 49
258 291
323 196
398 270
369 9
147 323
349 357
189 298
100 237
104 393
195 62
19 236
99 236
182 111
264 172
258 124
147 99
109 134
11 203
10 170
329 185
165 396
173 221
96 316
31 393
375 186
295 393
241 127
253 284
353 305
357 161
226 347
121 70
153 293
258 193
225 17
199 339
225 155
22 8
197 57
180 336
115 67
323 265
193 332
199 58
140 230
245 90
257 231
223 97
102 101
19 155
313 193
297 229
125 58
380 6
224 302
352 237
131 346
20 12
70 44
95 238
113 227
99 79
138 233
53 230
197 227
312 30
34 72
331 277
324 108
285 284
355 56
372 310
54 114
38 361
84 360
215 107
361 287
318 213
94 145
272 2
148 262
20 296
140 324
232 240
76 30
160 377
337 12
30 231
331 276
181 39
159 57
197 130
382 316
163 47
286 358
32 318
27 277
158 95
337 301
42 290
9 364
150 307
250 273
174 75
49 188
3 355
206 240
4 342
25 234
33 75
235 293
355 166
67 246
76 335
359 275
99 102
26 100
27 101
312 299
37 29
8 86
32 45
99 118
199 190
183 120
243 202
163 129
355 244
333 253
383 270
272 41
59 120
173 165
398 308
20 111
164 378
138 114
376 244
337 330
361 97
217 267
173 298
72 396
361 75
135 107
98 187
31 301
292 56
69 93
268 221
115 341
297 299
17 346
352 152
59 78
50 12
320 52
205 230
75 342
91 101
69 203
174 356
282 335
99 58
138 298
167 150
43 79
191 68
113 361
197 63
33 229
128 363
266 348
267 393
398 65
140 99
291 300
206 123
181 124
239 86
189 28
337 395
225 193
250 216
76 287
103 244
134 120
294 120
121 52
80 385
96 44
77 165
38 81
105 79
362 129
41 187
104 397
232 355
10 239
314 93
177 342
360 129
67 154
248 283
334 179
15 373
38 132
200 346
390 206
181 350
135 291
275 172
181 394
235 299
295 350
27 71
289 305
174 346
184 221
18 14
241 315
304 262
139 251
308 36
254 348
80 91
212 79
144 74
258 322
93 316
69 279
109 146
73 68
359 71
21 82
326 193
330 52
254 161
368 257
257 29
323 83
94 72
1 283
98 111
6 13
232 61
53 292
201 233
302 394
22 170
226 213
176 133
226 111
247 103
163 63
313 377
3 65
16 44
160 150
174 238
21 325
195 237
295 170
250 83
285 21
218 330
20 29
286 186
327 336
136 61
104 290
320 332
248 288
245 171
202 377
20 248
38 277
366 355
207 277
42 188
206 379
266 237
98 273
376 132
128 361
147 219
281 49
250 271
274 110
241 204
365 89
350 381
3 271
87 66
207 188
142 233
43 68
392 187
376 317
294 325
353 273
281 290
133 14
165 346
398 63
110 60
158 367
70 273
294 102
362 179
257 51
183 150
249 0
42 120
118 216
93 384
192 395
48 108
390 241
349 124
135 365
274 203
183 169
256 106
37 398
41 161
220 237
350 394
247 394
261 156
48 253
314 8
355 172
306 372
46 107
382 108
221 246
369 214
167 175
262 209
140 46
148 58
39 282
199 304
250 372
38 240
202 238
202 389
27 370
80 328
173 129
74 387
258 148
42 361
281 5
326 363
215 370
26 66
54 343
376 233
139 198
3 342
366 262
324 186
173 346
197 0
351 13
243 86
94 194
19 399
117 110
315 14
243 377
349 179
235 267
174 63
212 337
291 237
220 396
115 346
363 332
230 335
15 107
141 0
363 301
254 124
180 14
191 248
218 68
353 358
308 348
203 12
319 56
46 396
379 172
212 395
69 150
292 254
132 2
21 24
183 138
195 325
104 129
16 267
164 114
249 318
118 2
98 325
33 259
252 240
256 279
258 13
153 134
295 384
136 23
105 100
127 166
218 312
125 318
40 83
191 307
210 29
9 379
327 132
367 188
340 157
144 300
61 198
38 192
351 117
201 259
235 130
301 90
193 108
142 354
103 393
252 301
247 248
379 298
97 385
179 364
225 323
220 124
273 71
276 213
208 24
126 127
163 155
43 57
192 86
334 57
253 310
6 198
85 187
224 230
152 300
206 45
141 155
0 5
131 307
178 279
173 220
74 388
153 272
180 166
176 288
151 240
190 89
217 107
77 361
31 372
247 397
286 171
366 68
195 296
269 298
50 152
25 396
34 83
352 244
150 52
334 372
64 29
351 75
42 320
203 298
345 86
153 17
115 151
120 166
241 231
76 231
17 146
392 150
355 51
97 307
225 338
131 59
25 315
316 187
382 91
199 21
76 288
271 237
126 277
192 89
112 259
142 83
202 49
353 91
302 348
16 379
92 291
268 81
3 123
269 89
113 59
97 299
329 336
386 237
105 384
21 288
225 151
128 397
362 273
264 209
163 322
62 146
212 313
181 78
109 360
344 186
232 371
184 132
326 2
369 398
383 138
107 186
333 240
386 66
74 186
31 9
369 23
142 1
94 378
25 58
206 293
333 65
375 24
202 388
20 211
141 58
274 350
340 28
121 284
295 216
250 204
383 27
118 373
159 89
388 348
48 192
6 71
197 169
211 387
398 367
225 209
22 203
177 86
261 294
147 136
356 287
398 118
184 169
31 209
285 229
64 204
380 384
73 11
42 329
114 146
11 60
141 103
266 336
263 190
30 44
140 398
3 253
371 311
149 6
147 8
138 230
105 13
177 363
158 165
113 49
193 370
273 381
263 251
158 316
292 119
140 108
314 17
84 226
232 15
232 239
76 316
297 355
194 299
107 373
391 323
7 35
334 345
281 88
242 103
314 395
50 238
361 321
327 287
392 355
150 348
34 2
218 307
327 348
53 91
178 80
208 13
0 231
149 297
22 396
174 83
125 338
275 367
220 233
177 246
212 154
20 370
361 89
324 397
176 107
334 24
183 338
383 367
133 1
96 83
48 279
235 310
148 290
178 64
190 86
292 309
292 308
53 399
366 304
344 378
81 330
31 70
268 188
398 233
0 257
109 308
173 74
77 151
223 63
331 165
295 325
140 364
26 324
318 287
142 194
26 6
353 397
67 347
136 273
177 398
126 145
313 52
280 350
272 14
77 194
75 238
142 363
152 78
96 182
189 44
390 35
258 303
189 175
372 237
208 29
156 72
92 185
223 117
3 174
258 95
103 238
116 257
201 81
63 311
339 251
184 86
158 72
358 29
136 40
25 273
247 1
15 367
369 299
105 355
42 55
43 315
94 132
228 208
0 36
74 97
193 397
265 2
295 40
341 231
319 119
21 51
257 396
398 399
257 219
386 162
70 124
177 290
173 64
19 275
190 374
46 278
352 336
116 300
91 322
225 190
144 310
382 259
312 222
3 23
235 5
292 317
269 13
223 110
314 305
363 203
243 117
67 88
164 336
180 260
337 161
380 233
390 330
240 108
181 330
243 207
274 139
195 118
37 244
280 68
363 322
372 120
0 78
217 226
364 52
364 24
334 275
372 63
153 297
182 210
10 238
291 347
319 204
351 245
225 104
55 106
113 392
273 119
369 91
223 358
265 347
22 188
255 82
294 45
145 396
126 114
249 253
366 74
104 357
144 57
66 324
247 231
50 221
344 1
61 246
147 104
142 101
361 82
376 397
104 175
19 290
341 300
369 166
10 367
73 200
92 17
132 8
98 1
26 187
256 169
266 101
126 97
138 56
148 335
265 260
239 169
217 41
319 227
269 187
53 234
76 82
368 150
155 171
143 60
249 44
239 82
368 191
50 246
369 302
285 146
121 288
50 272
362 60
131 202
81 308
318 185
362 370
230 171
235 127
85 190
37 138
151 190
55 47
30 287
195 114
388 321
316 188
140 363
281 365
281 292
162 36
242 346
271 347
276 338
273 293
317 231
121 193
79 236
26 28
269 21
94 245
282 346
110 171
113 255
133 335
167 316
160 350
76 6
333 255
389 395
245 21
93 209
134 175
67 355
184 260
360 396
206 129
280 188
352 284
333 97
202 282
85 367
250 389
69 385
275 146
96 157
50 283
224 170
112 325
241 329
197 175
386 323
158 375
75 299
152 145
128 251
159 328
48 171
46 175
156 216
116 302
77 347
87 65
144 45
95 396
383 17
315 231
96 255
375 347
70 307
271 170
150 394
330 238
109 303
289 397
84 233
349 170
266 364
386 211
8 385
132 64
223 180
66 107
292 61
54 285
135 275
378 169
46 170
220 375
165 83
132 219
109 222
155 332
344 236
174 329
134 123
7 14
190 287
194 40
302 233
3 193
176 313
66 155
361 229
189 99
153 323
26 148
319 167
116 337
358 130
181 191
37 105
37 307
116 166
388 347
189 196
351 287
230 346
361 118
105 321
193 335
42 108
263 180
227 86
296 119
23 187
262 288
252 90
239 21
220 238
77 11
76 108
218 182
128 264
93 394
85 226
343 36
153 202
132 155
169 161
94 154
22 221
263 257
81 299
314 23
331 51
269 146
149 233
366 238
152 315
31 254
351 385
371 257
125 320
345 389
184 279
208 342
46 248
345 27
179 325
77 97
383 93
22 257
80 397
18 378
250 154
125 262
368 81
351 374
176 241
194 330
366 213
220 244
371 120
140 136
153 388
226 166
48 82
25 93
7 136
7 270
222 122
153 139
211 161
383 361
266 65
11 52
272 40
160 222
259 108
50 227
7 88
232 267
295 172
48 22
159 379
155 186
48 233
363 110
218 397
217 103
195 374
333 62
181 5
211 346
50 285
76 99
379 216
352 154
289 166
315 187
11 8
272 329
125 4
330 321
17 102
319 23
170 231
242 5
37 97
167 373
143 102
113 254
197 30
205 270
243 90
317 122
133 270
142 61
201 264
382 119
259 60
242 167
270 137
327 216
344 385
247 323
15 315
365 282
32 399
212 129
176 170
126 6
160 130
201 71
98 172
269 36
217 59
304 28
99 23
46 317
135 46
58 101
11 238
53 251
104 27
117 233
250 196
264 71
253 356
383 148
361 244
362 213
360 394
4 171
339 171
312 350
141 276
184 256
313 78
125 13
55 216
376 133
242 86
327 155
217 399
41 395
107 129
114 311
179 103
195 229
344 127
31 120
156 393
34 256
317 283
175 373
272 165
358 71
340 72
215 27
149 260
77 227
10 298
212 264
96 104
140 180
223 282
344 330
141 347
117 214
359 117
275 358
286 316
383 353
302 347
167 123
40 370
328 146
352 2
359 186
141 88
135 97
163 65
20 91
211 88
16 39
9 75
280 395
66 71
98 385
160 105
151 214
159 66
37 381
189 112
297 259
199 303
134 88
234 284
16 148
168 196
99 298
26 165
81 4
167 186
352 260
340 188
133 279
34 107
20 6
250 270
182 47
35 246
42 312
38 234
392 107
85 318
192 300
48 86
164 279
280 301
229 309
17 348
292 236
363 175
250 151
353 44
125 297
390 295
193 89
292 346
142 110
297 279
183 44
352 206
264 208
211 231
20 205
121 303
327 273
195 285
223 385
386 185
233 231
266 157
140 389
199 206
173 1
369 277
313 321
62 114
252 46
252 4
183 279
398 162
358 12
10 299
199 346
200 397
313 41
241 44
242 288
359 15
337 357
50 387
218 259
87 226
314 162
151 310
109 98
225 74
94 294
134 303
151 287
93 251
331 385
345 75
94 272
383 300
62 65
19 169
169 246
382 203
152 110
262 47
380 374
398 13
138 330
218 338
195 39
34 1
270 293
245 254
190 373
211 64
330 287
42 397
4 90
215 239
316 348
151 97
275 259
199 342
210 44
225 90
273 283
223 361
392 267
359 63
331 330
227 196
131 277
380 62
249 108
152 375
145 187
266 35
376 372
291 41
1 395
31 302
98 350
211 28
383 216
88 2
264 309
93 5
179 350
62 321
37 245
10 205
228 393
289 254
327 271
144 378
96 392
390 323
302 40
240 137
18 82
252 80
191 95
193 377
33 367
37 304
125 194
50 104
228 136
224 264
274 335
264 317
121 214
264 244
368 82
123 377
366 278
387 122
268 279
326 88
361 379
372 341
174 381
164 154
20 318
368 321
364 309
255 381
32 162
62 305
98 293
174 162
271 338
179 28
25 80
199 152
337 209
327 259
353 186
256 374
253 75
352 190
239 213
380 117
292 325
159 71
323 45
142 323
327 256
306 110
268 295
314 29
203 279
98 150
181 74
269 57
115 358
247 155
305 56
133 190
380 316
73 123
375 348
267 186
366 302
276 75
351 71
362 372
18 64
53 244
201 305
273 373
181 108
183 8
384 396
32 325
72 14
372 155
73 97
93 57
343 240
218 44
306 291
269 171
252 55
135 156
1 171
117 106
77 396
380 39
54 312
361 165
69 291
263 293
362 146
302 61
353 246
249 90
125 204
189 313
121 15
225 182
258 98
195 157
291 216
398 385
94 353
159 156
28 290
207 56
359 300
16 392
69 388
169 370
224 364
268 8
144 155
274 345
69 371
85 273
38 89
331 355
97 293
302 28
92 211
94 238
142 355
199 370
109 292
178 8
55 246
136 203
31 322
25 146
320 186
104 221
127 68
3 63
159 119
25 381
191 324
352 60
67 290
245 341
286 269
34 207
247 378
388 171
228 248
134 262
383 91
367 395
167 13
141 262
84 209
167 214
245 315
87 134
38 398
37 219
15 347
197 119
183 123
107 393
160 241
229 395
159 9
3 371
338 216
225 191
190 188
363 154
252 1
48 120
272 394
243 354
294 57
10 392
27 12
140 47
69 354
390 251
240 130
15 79
239 97
333 311
376 154
217 43
344 220
232 107
390 103
7 248
258 171
366 58
257 166
157 231
84 321
365 330
242 179
319 80
398 79
25 279
66 310
133 341
312 124
331 294
333 89
175 13
61 51
135 11
227 63
245 318
220 236
149 33
388 244
247 304
152 186
361 102
35 370
225 276
162 52
159 308
88 44
262 171
19 227
77 105
355 57
140 170
133 210
351 238
133 309
273 393
145 332
228 280
221 56
16 257
157 240
263 358
163 8
263 341
256 207
152 64
93 332
302 21
340 241
218 43
50 382
107 219
359 244
266 293
292 251
38 372
333 112
295 284
243 381
181 119
252 260
362 171
156 278
80 354
85 322
92 2
338 51
318 47
105 122
88 251
351 93
380 226
343 328
139 233
76 139
391 254
378 375
163 27
256 357
203 14
226 393
241 388
353 229
148 305
391 267
330 24
363 209
149 52
65 146
212 213
31 198
388 36
139 393
184 288
268 307
314 130
16 8
189 297
264 89
324 60
350 198
351 60
174 102
10 61
282 51
313 55
205 21
217 1
256 102
215 387
345 89
22 21
274 279
8 60
242 354
94 122
345 219
92 367
316 36
352 14
26 27
140 62
272 336
323 58
224 267
139 375
173 251
104 257
43 55
353 270
262 246
386 238
178 324
22 316
123 299
339 284
217 188
133 324
163 75
331 350
306 339
63 90
183 192
247 165
306 285
21 298
104 262
153 133
217 270
168 14
364 348
142 186
248 12
73 74
301 89
313 379
365 88
164 226
77 32
331 168
77 156
66 329
197 320
305 394
201 58
152 322
390 172
267 29
352 298
297 237
105 58
173 283
10 346
341 24
160 182
194 203
132 229
17 40
46 210
184 196
272 216
74 332
376 308
327 112
365 150
28 219
199 57
180 146
345 309
69 4
177 56
351 127
295 14
117 95
266 139
379 101
159 15
207 237
11 357
134 40
62 8
181 123
312 364
250 123
115 91
163 399
178 88
392 196
192 396
94 133
376 332
140 282
160 313
116 93
128 269
126 394
199 294
121 168
81 97
121 6
26 202
131 205
343 329
292 155
282 283
258 127
230 13
261 347
153 62
110 238
383 157
62 389
46 47
362 227
179 278
289 358
3 255
331 81
183 174
126 98
352 169
168 394
48 56
274 259
199 71
361 381
228 154
63 129
206 216
232 378
372 267
250 64
338 303
92 308
104 296
312 270
252 139
233 71
0 170
291 146
215 56
361 350
282 325
140 308
228 179
285 316
199 174
128 347
176 365
399 52
344 15
215 162
264 222
255 150
54 194
96 100
157 311
351 100
27 283
37 95
180 47
94 330
281 328
366 372
340 337
352 103
39 51
331 56
337 91
341 185
66 348
306 95
340 130
128 375
140 263
259 161
337 55
87 86
280 364
37 294
202 24
232 207
95 106
49 311
245 328
128 396
285 248
306 382
181 12
250 150
324 57
269 106
37 0
295 168
152 63
193 101
274 374
114 309
143 139
112 388
10 30
105 273
142 353
73 284
34 316
100 2
289 108
66 262
337 190
390 254
69 219
228 251
168 122
35 213
7 354
132 51
10 294
286 263
349 15
150 204
183 301
310 90
38 365
218 154
197 384
194 283
296 290
315 370
368 355
48 339
281 112
168 185
257 293
195 287
264 168
84 170
54 231
243 262
31 105
156 101
179 221
331 360
38 338
16 145
91 119
19 345
212 211
77 157
295 6
81 355
366 275
316 373
121 355
349 95
380 66
125 358
232 255
31 185
25 310
344 78
361 63
235 103
152 86
73 193
270 395
327 396
152 190
211 171
242 276
153 200
67 21
116 285
105 106
383 322
140 348
34 70
116 290
228 338
18 254
212 324
228 213
281 59
369 63
173 310
340 5
162 287
40 166
333 347
35 373
85 8
289 370
215 6
327 245
104 108
302 161
281 229
138 21
191 278
37 60
40 290
211 123
199 364
391 226
333 295
97 124
22 61
378 187
366 105
333 348
273 13
43 44
147 396
368 133
380 60
356 111
84 388
54 175
38 354
7 302
365 60
356 244
356 377
248 186
43 246
167 83
112 165
314 28
50 120
215 210
158 365
391 270
135 185
158 341
215 79
205 86
333 150
313 360
164 259
176 330
289 325
362 222
6 385
169 213
199 260
38 273
140 124
147 244
62 387
138 389
378 267
359 83
23 290
243 52
184 301
103 2
149 221
250 103
145 288
63 101
30 82
225 0
224 79
250 394
349 322
252 93
197 240
228 220
67 161
173 345
379 307
27 325
73 60
317 108
289 277
50 56
398 207
261 11
334 21
305 303
73 30
67 330
177 239
319 328
333 156
182 248
252 211
183 52
138 155
337 399
139 379
223 47
326 356
5 204
211 79
245 273
168 335
26 67
218 277
239 122
0 330
152 41
242 52
212 318
19 68
386 191
145 300
271 186
245 47
87 21
263 61
77 233
270 236
217 67
160 263
153 129
264 298
228 231
351 320
156 114
353 203
202 111
8 290
392 350
118 24
149 264
392 185
102 89
343 204
222 14
382 213
81 57
327 165
331 253
0 207
133 301
135 290
113 283
184 354
314 398
372 44
258 186
7 191
66 108
343 278
147 146
252 399
144 2
184 24
181 0
158 293
139 12
151 41
76 392
316 246
361 14
150 124
163 337
58 137
363 325
250 267
218 350
197 312
149 278
93 315
10 221
72 130
252 322
184 65
195 269
45 244
32 110
249 388
343 375
37 157
232 322
223 202
18 66
247 41
255 196
39 120
232 396
306 370
364 57
364 171
285 101
72 342
255 257
314 387
7 33
351 209
223 8
133 265
215 294
368 377
302 187
267 137
61 89
116 118
255 315
142 29
247 68
306 381
364 288
349 97
294 379
302 257
206 298
116 221
177 348
73 341
126 188
202 262
334 318
367 186
5 290
223 198
143 315
242 308
148 36
62 190
67 207
4 288
201 198
327 253
182 307
17 145
184 122
174 347
337 216
314 52
359 233
145 373
304 127
69 288
334 206
121 105
256 388
269 348
84 245
28 111
266 155
223 36
7 78
87 4
1 393
340 24
6 161
275 377
376 202
184 251
96 174
339 161
276 375
133 35
134 348
160 119
350 130
133 367
380 272
228 239
32 267
16 371
208 300
372 393
350 332
392 364
212 374
133 123
250 343
160 12
100 307
147 305
182 188
268 370
242 95
302 24
66 102
215 161
234 270
302 237
25 119
218 364
282 12
223 241
50 74
121 226
326 30
390 157
189 24
359 99
205 64
344 27
70 230
265 251
233 161
70 358
363 374
383 40
18 279
176 231
15 35
206 367
197 222
205 207
76 68
15 279
38 208
34 60
159 257
147 214
77 354
224 139
77 399
66 21
61 68
312 278
41 52
48 97
18 114
378 186
97 231
358 342
353 58
285 394
27 83
18 307
223 323
235 246
46 166
286 41
211 216
232 280
224 324
232 0
181 262
84 324
232 220
189 0
366 323
243 219
38 219
81 387
326 378
66 273
181 312
340 47
165 106
201 254
142 152
4 346
113 39
176 167
113 133
85 122
66 338
339 90
25 169
202 207
87 248
105 399
232 24
110 374
88 171
225 245
48 5
181 324
252 310
190 216
181 399
247 156
249 14
110 44
116 346
274 270
160 353
366 373
77 206
345 127
143 393
73 311
391 196
96 230
268 122
232 265
191 204
294 322
92 209
390 95
20 348
23 111
5 188
76 45
177 365
289 157
243 66
167 230
327 52
34 51
225 47
365 91
138 214
64 246
169 108
67 27
334 150
291 111
319 259
358 186
34 348
276 259
323 303
75 29
235 106
235 152
317 342
226 40
371 91
266 33
69 398
281 381
207 377
274 370
285 35
312 47
390 1
266 86
247 24
382 311
218 57
376 379
242 304
154 186
143 95
20 156
163 356
7 254
151 316
359 86
378 161
48 321
265 129
383 59
88 101
229 394
207 395
147 187
48 323
207 14
339 102
285 278
383 260
258 72
357 196
84 200
361 320
241 86
258 14
163 6
341 166
392 311
126 17
379 129
390 117
302 5
178 180
164 167
215 373
151 29
183 278
215 341
115 30
189 104
274 305
243 348
383 363
268 356
181 332
98 180
143 166
174 267
201 171
153 219
224 200
261 4
159 343
38 233
48 98
242 78
365 86
319 278
22 95
359 107
151 196
114 293
256 209
387 385
48 72
115 372
91 106
177 339
304 170
205 238
217 320
319 309
15 303
227 188
154 83
211 27
398 348
253 347
341 298
81 375
329 237
148 213
228 323
297 394
135 335
239 377
50 290
232 204
92 47
242 100
50 14
134 301
224 196
331 12
255 180
64 342
256 251
62 119
217 210
223 133
19 303
294 254
361 5
38 36
54 297
268 29
151 155
250 358
223 267
182 219
230 238
20 214
380 104
9 57
19 278
84 65
135 168
301 299
232 46
197 345
250 236
312 102
253 283
276 88
286 303
105 207
334 336
110 393
5 332
77 29
105 90
380 291
160 108
281 74
125 345
173 354
399 336
16 35
70 317
212 0
345 238
306 64
197 337
230 68
27 373
74 170
135 90
158 237
7 192
160 28
340 193
136 384
125 65
23 236
202 150
203 396
356 288
158 285
20 240
220 29
164 328
69 276
379 119
232 100
110 216
223 370
16 68
352 272
308 166
116 293
99 146
148 356
174 396
53 313
369 320
67 5
261 98
80 52
156 303
191 180
138 196
323 389
110 307
331 117
160 291
201 88
107 342
349 299
27 137
294 28
135 62
117 237
226 303
341 187
142 259
331 320
70 61
331 270
361 248
224 11
182 296
143 248
249 273
134 246
115 86
318 137
239 315
135 269
388 293
349 229
18 194
365 342
177 120
92 200
247 129
194 49
7 196
80 8
361 35
189 262
49 373
331 62
391 146
66 244
390 4
116 271
349 393
328 51
294 204
250 172
281 374
50 179
364 246
169 52
314 188
352 70
62 101
26 363
141 371
365 13
67 316
344 347
289 22
228 130
358 196
43 71
33 338
337 354
22 75
392 259
271 161
192 83
349 279
280 127
76 292
100 161
366 356
18 304
327 373
54 200
144 238
274 207
282 186
306 309
266 251
158 330
192 309
302 110
340 338
176 328
249 13
351 329
368 395
339 385
126 103
268 346
73 8
232 251
15 2
74 244
250 275
127 186
334 101
334 66
15 60
139 45
297 28
191 107
70 246
134 358
94 236
16 152
93 63
235 200
121 82
294 350
58 300
326 332
296 238
269 91
266 200
334 384
115 279
128 43
191 311
205 111
296 393
258 294
35 90
269 236
255 317
46 65
291 118
217 279
22 230
189 231
245 229
263 101
70 309
257 106
69 81
160 260
363 342
176 293
224 81
115 155
269 320
359 214
163 300
18 342
151 203
297 63
223 39
33 317
34 346
135 91
294 198
264 316
338 219
158 322
84 207
211 188
268 322
17 393
128 204
208 124
10 256
131 313
76 167
344 93
289 175
109 105
327 101
212 62
42 341
375 385
383 213
157 196
286 276
224 303
140 283
254 347
168 299
176 58
314 40
109 371
235 47
58 231
109 127
202 308
323 374
94 382
386 329
64 171
54 5
70 165
184 328
295 322
352 145
156 165
31 298
121 124
379 185
305 171
163 353
242 46
69 392
389 279
158 236
16 231
40 56
369 229
131 358
286 156
391 62
254 377
224 275
157 244
201 45
235 372
77 81
276 45
278 119
8 307
140 63
159 329
26 263
258 180
278 209
42 151
242 284
176 303
365 36
223 151
314 279
369 296
291 68
226 130
369 290
352 101
272 57
225 59
289 5
26 5
270 111
0 108
153 100
81 336
143 288
302 192
312 57
131 285
242 287
266 257
99 374
281 325
19 8
320 395
182 107
291 100
383 44
151 55
7 332
15 118
289 363
256 373
33 106
362 277
225 381
16 229
314 65
390 204
341 14
294 375
211 208
144 56
225 146
256 47
131 354
31 293
281 57
281 155
289 231
222 290
141 111
50 222
258 283
280 330
140 278
140 188
217 263
228 298
301 293
113 123
84 161
158 251
45 336
163 186
274 68
140 130
149 39
92 179
252 133
138 273
197 60
121 190
11 107
94 264
63 124
184 293
331 275
223 363
105 29
77 130
142 33
9 56
125 30
275 237
286 200
223 339
223 169
159 4
182 338
155 325
316 395
43 308
26 17
398 251
365 51
371 298
26 81
157 203
349 70
266 303
54 146
265 394
225 325
140 27
329 166
356 52
37 188
145 309
228 329
115 297
32 44
54 318
232 70
259 198
383 8
264 58
232 33
92 372
140 385
178 161
107 348
120 47
158 169
333 66
232 151
264 399
334 304
174 301
98 318
40 377
292 336
128 237
138 320
112 129
257 260
340 1
116 150
155 322
273 196
152 188
359 193
135 70
143 364
382 240
10 74
134 367
319 355
242 270
167 127
376 265
391 123
87 324
191 13
263 279
113 5
40 393
201 65
319 104
207 219
176 117
151 127
190 12
250 297
340 233
382 308
222 213
390 255
331 120
259 213
50 167
229 44
54 367
265 44
275 208
217 110
261 162
181 127
117 303
266 152
70 350
62 348
84 211
343 320
85 312
313 103
183 61
268 230
294 187
218 157
193 56
358 122
48 312
263 193
128 198
337 58
113 129
92 355
189 227
296 196
317 47
28 288
134 282
151 277
153 214
281 83
211 394
67 45
390 146
240 244
280 385
369 272
176 59
351 64
333 365
194 97
48 276
143 285
333 226
318 106
125 9
117 251
53 8
87 161
315 130
312 193
189 102
398 221
65 309
339 207
262 336
85 157
378 214
3 98
87 151
163 78
155 283
369 151
388 2
273 68
212 382
255 71
149 339
390 214
140 341
72 56
144 63
382 307
378 24
97 346
205 301
85 2
258 161
278 287
32 61
228 255
252 336
206 260
78 237
266 358
110 237
114 300
74 364
53 325
268 86
357 86
195 58
32 395
294 192
75 185
351 171
291 4
97 12
197 229
252 166
327 68
361 119
159 375
144 375
32 55
252 387
140 165
31 74
269 90
164 318
164 272
105 229
121 341
223 255
337 41
174 79
225 122
200 265
149 2
206 341
54 399
306 22
273 311
159 360
295 233
291 30
211 101
352 83
104 373
177 119
181 358
327 304
360 60
200 82
126 214
269 188
76 1
243 15
42 270
128 33
210 299
331 107
85 227
229 14
98 311
115 60
177 9
102 279
281 245
62 267
391 378
356 279
69 207
356 71
99 219
61 86
149 222
286 129
169 166
115 301
291 165
85 148
84 33
164 204
190 347
220 198
168 322
224 8
54 9
306 101
206 193
62 396
392 270
320 89
4 198
398 388
151 231
337 44
73 55
0 57
304 120
173 377
81 305
201 282
158 385
390 112
46 388
292 145
274 155
368 236
197 254
181 282
50 78
253 293
115 385
388 68
138 41
109 355
286 21
178 220
66 47
319 130
345 270
349 111
353 321
147 97
143 270
223 233
91 287
27 89
361 108
256 336
143 231
351 55
176 162
158 124
140 318
329 146
50 71
143 278
361 237
247 28
113 89
34 291
392 35
371 309
96 278
37 122
39 21
76 60
181 93
391 308
25 205
139 169
195 245
306 202
113 398
132 95
157 336
366 171
215 337
380 55
65 209
40 68
147 39
249 95
39 72
80 329
218 345
349 8
282 321
38 70
281 70
142 41
25 8
232 102
362 375
179 190
163 222
206 4
306 240
211 270
349 227
253 265
331 24
378 170
92 284
212 56
159 24
7 205
84 280
16 211
333 46
54 23
107 216
351 99
15 240
194 277
113 211
128 112
222 311
372 4
132 168
269 49
205 358
376 52
242 347
77 379
85 299
226 282
314 39
84 295
99 90
286 374
391 325
197 307
50 297
339 155
317 198
30 130
302 120
144 70
201 103
382 171
247 167
116 204
291 86
112 316
159 206
121 43
53 120
115 179
333 248
305 83
326 89
147 110
229 277
201 188
39 265
372 65
144 210
66 78
123 237
249 363
48 294
234 221
160 365
212 254
274 316
217 348
223 251
390 49
58 86
203 86
40 246
258 282
252 81
304 259
59 219
249 207
380 245
235 118
27 279
271 35
239 203
138 108
343 161
380 190
334 175
369 67
253 273
113 248
0 279
243 399
121 155
128 339
261 198
337 56
331 29
74 180
84 162
345 244
135 6
32 342
210 397
152 244
164 145
235 88
252 118
367 300
174 379
302 35
76 36
224 238
265 172
286 300
225 315
80 257
272 307
143 378
249 231
331 185
174 55
305 196
351 165
183 172
388 124
207 303
17 347
344 229
142 239
233 172
85 206
164 14
261 43
372 79
84 82
388 309
255 236
261 105
72 29
359 165
255 394
398 91
54 354
386 49
7 298
73 198
25 358
352 81
256 203
72 187
205 13
160 59
162 396
392 154
141 154
369 36
18 262
34 103
195 221
7 170
11 114
327 14
136 60
351 182
144 297
365 172
316 288
195 81
331 273
334 107
6 108
292 79
304 216
313 214
173 302
38 155
234 305
34 100
232 301
93 270
286 120
70 127
73 152
141 89
388 82
366 279
174 360
164 329
306 88
328 307
18 238
194 348
138 308
351 260
19 57
327 148
361 58
178 213
116 148
386 43
391 213
357 370
69 236
350 137
37 169
333 382
73 95
99 83
264 216
91 219
139 219
25 57
133 172
344 335
144 262
294 397
225 200
333 56
274 32
139 21
34 301
191 364
223 44
241 350
184 154
17 397
201 22
98 278
96 373
359 108
383 60
115 4
104 320
176 385
40 260
167 161
18 171
117 6
327 79
126 284
316 374
297 107
69 130
162 130
275 114
19 110
180 236
31 282
189 389
69 124
275 102
304 341
116 29
157 233
153 190
232 43
32 301
344 227
200 204
135 374
255 193
359 239
33 370
318 381
17 71
79 298
80 180
356 57
80 21
6 12
350 196
81 161
289 287
32 60
96 119
25 101
156 41
156 49
54 316
253 21
20 375
157 155
331 305
116 381
280 41
205 185
189 397
160 192
189 305
276 278
46 237
326 271
295 56
70 21
183 151
156 265
165 52
42 309
10 332
233 146
181 205
339 230
242 171
191 108
151 2
67 273
326 39
143 118
351 350
211 233
3 288
121 255
319 12
313 35
250 146
163 312
147 302
344 191
50 100
353 71
252 373
131 68
275 279
121 374
76 120
386 117
189 322
268 120
22 251
266 373
85 154
357 124
212 117
276 118
93 51
366 129
30 219
292 214
131 231
136 8
34 208
232 106
319 378
228 29
38 169
333 320
372 360
304 1
340 283
78 246
154 377
121 58
197 167
378 311
223 324
144 227
174 123
259 374
269 310
53 356
189 300
234 325
234 213
54 245
306 104
218 114
76 338
217 323
136 196
274 90
312 130
210 24
217 332
390 119
55 83
365 40
222 161
54 157
312 210
337 346
177 270
109 63
306 86
138 90
292 193
25 190
380 79
208 196
242 203
376 14
134 394
289 291
200 100
160 213
326 397
102 395
266 347
253 4
206 210
35 299
217 361
280 118
371 270
201 219
126 298
177 93
272 270
362 200
70 384
264 284
151 267
289 46
20 270
165 2
92 41
261 239
285 373
205 389
304 107
16 294
46 68
232 155
262 335
92 0
118 13
176 310
139 89
30 336
391 28
228 365
40 129
149 152
281 388
113 194
256 161
333 93
265 57
353 322
84 372
156 213
273 166
26 374
183 194
73 361
91 336
184 291
297 236
59 188
50 339
319 361
207 108
3 233
145 101
361 329
160 203
292 44
195 339
281 295
139 129
114 44
77 257
195 375
331 172
70 279
380 350
157 309
58 106
369 341
354 71
199 263
327 145
30 14
235 370
380 325
50 134
163 58
391 114
276 24
181 139
228 263
139 13
116 329
181 370
120 129
50 278
235 90
34 198
37 209
289 146
31 356
167 64
281 335
368 310
39 68
109 122
18 28
344 41
123 101
199 204
173 27
223 129
128 245
79 129
109 227
25 122
20 22
383 332
368 129
243 396
241 279
18 222
314 294
270 244
79 219
176 44
286 139
131 61
159 191
152 254
113 382
319 101
42 365
228 241
295 229
240 370
232 12
61 332
151 237
109 210
250 398
257 129
380 118
22 296
126 282
143 200
248 47
333 317
360 124
167 155
136 320
234 55
191 79
99 110
351 2
239 107
276 305
340 64
139 210
278 14
378 198
366 297
292 168
91 129
391 179
175 44
207 130
354 299
398 2
333 388
247 371
197 82
94 244
227 328
105 379
77 161
179 100
125 385
327 389
320 119
193 311
247 229
328 57
20 216
50 304
182 5
227 64
98 208
189 80
54 282
37 172
269 162
371 317
312 63
232 285
240 381
200 231
380 398
128 393
6 284
281 226
126 354
62 210
189 350
94 295
167 165
248 246
40 303
18 248
384 374
19 296
224 27
359 65
109 139
224 47
135 108
352 40
274 88
250 56
369 311
266 162
18 56
258 237
294 146
164 0
53 272
135 332
17 150
289 182
43 357
54 358
72 44
142 169
323 346
195 44
349 244
135 398
174 305
343 358
227 309
136 237
339 127
182 397
135 367
42 63
289 303
18 59
205 288
39 208
206 52
77 389
59 308
289 304
19 377
136 288
296 373
77 304
177 59
0 396
268 311
354 146
180 101
178 350
390 167
268 231
128 353
81 213
156 301
245 393
376 155
319 229
278 373
20 207
75 146
257 335
163 172
22 111
202 83
73 145
252 23
78 111
319 114
248 29
114 246
191 293
390 332
93 389
74 375
77 394
28 51
312 86
138 367
152 23
140 393
276 237
379 283
112 90
15 71
268 57
26 32
294 86
239 273
141 75
121 278
319 6
351 39
160 284
173 363
125 353
368 234
281 46
359 254
262 290
256 95
247 44
7 227
93 4
382 192
34 205
143 338
109 356
147 28
62 316
289 203
267 129
281 309
73 264
376 392
242 202
33 208
50 101
253 119
113 290
363 375
141 120
289 39
320 373
5 381
318 172
366 27
94 79
327 397
242 2
9 13
58 111
153 9
88 279
212 100
141 220
314 47
131 280
319 363
327 294
333 99
218 103
39 58
256 273
313 222
337 79
274 161
9 290
372 119
87 342
362 305
164 310
173 192
202 387
286 117
286 57
202 397
126 287
87 385
163 82
232 205
23 130
390 148
258 346
344 120
154 238
302 315
388 188
102 284
18 269
257 325
257 90
217 187
53 265
232 260
142 358
153 273
314 187
372 316
337 320
326 377
383 393
67 283
276 358
349 91
156 300
157 89
147 36
334 1
313 204
294 2
30 293
99 1
205 300
37 346
65 374
7 322
193 124
23 52
164 118
235 70
93 299
386 130
17 88
353 204
368 328
112 355
262 260
285 335
9 214
113 91
334 129
372 95
118 209
87 182
39 244
176 394
70 282
261 27
54 293
59 356
31 15
76 175
149 51
103 342
217 346
195 41
258 62
389 238
215 74
263 282
140 378
294 287
174 52
242 63
126 122
165 397
339 244
69 313
313 169
337 150
163 97
363 122
144 39
189 43
327 78
131 271
95 47
91 290
3 279
155 82
20 321
338 68
361 397
195 29
339 29
0 35
349 288
212 156
9 338
125 330
66 44
180 36
253 315
331 332
225 124
326 12
81 322
116 238
149 93
94 101
126 129
200 354
69 0
22 154
184 180
314 157
249 151
16 155
179 71
127 332
281 27
80 108
266 175
147 259
200 373
19 372
39 137
87 107
42 221
280 123
315 219
271 68
31 83
242 372
18 284
227 283
15 4
349 260
316 293
177 95
206 231
331 382
226 110
175 171
278 214
191 208
49 348
391 14
94 185
113 171
329 277
362 272
114 171
158 290
42 111
314 350
274 67
317 171
102 377
341 47
85 399
104 307
132 97
135 43
333 328
326 214
234 322
333 245
295 110
158 253
194 231
232 292
308 309
48 21
281 51
159 146
324 122
193 119
243 259
92 180
0 210
104 301
312 397
329 231
164 321
334 88
357 188
107 395
359 323
344 182
144 385
340 52
207 47
353 301
217 179
5 82
178 14
50 136
242 325
62 251
149 45
39 325
252 190
162 56
340 107
354 106
268 216
144 59
297 246
366 233
361 303
354 283
224 312
220 28
99 389
62 203
164 302
49 307
8 283
28 246
4 51
376 382
376 187
125 276
256 310
31 276
318 336
235 155
78 251
349 256
96 11
141 187
0 357
267 216
4 260
369 44
123 2
375 29
181 287
33 307
20 167
131 155
218 270
103 213
59 315
375 83
232 294
228 350
345 188
312 216
121 210
67 97
177 14
323 24
386 277
304 277
343 41
112 395
170 68
66 325
294 78
42 276
383 397
249 22
297 78
20 265
220 6
178 308
37 89
31 180
212 346
88 52
147 120
121 285
105 209
149 57
255 27
263 381
354 83
201 23
344 313
160 267
217 301
125 44
26 101
10 203
359 192
26 396
48 210
26 134
233 394
271 203
76 5
153 357
18 370
333 152
115 137
281 332
31 295
73 335
371 110
331 284
297 161
384 161
170 12
281 39
212 364
391 154
306 310
157 79
289 98
306 332
141 382
305 14
16 36
147 320
232 317
134 13
262 89
99 100
201 296
331 337
142 117
26 393
220 318
243 387
294 124
158 329
145 298
168 137
227 237
368 302
245 13
54 392
255 213
261 200
275 4
189 187
340 71
266 372
333 287
113 156
64 300
27 309
163 343
315 287
182 259
376 165
34 28
366 97
105 103
19 127
345 332
227 303
154 300
104 172
343 101
368 130
117 395
206 35
156 86
100 300
343 310
285 321
162 214
34 78
281 239
263 260
195 154
286 282
351 186
371 283
365 122
153 155
76 196
364 244
217 325
349 339
76 172
281 324
212 294
99 27
141 13
77 70
1 130
27 342
46 267
223 329
38 32
20 0
174 64
286 4
314 133
268 78
242 348
107 311
78 393
131 356
261 253
297 240
113 112
275 209
390 240
215 206
62 89
195 80
376 210
306 49
382 237
289 23
289 91
202 303
152 316
391 382
224 110
53 99
99 5
158 127
362 98
331 66
353 387
201 316
241 196
5 29
206 65
380 106
92 191
42 343
334 11
366 12
268 17
225 186
230 166
372 240
30 311
76 220
372 317
167 45
380 63
242 253
18 263
143 123
177 321
156 229
224 293
338 283
268 245
136 329
135 17
212 330
54 36
280 342
247 272
181 175
184 210
144 267
350 36
25 270
247 294
218 100
151 207
148 75
271 110
202 299
333 63
210 283
32 107
136 24
334 157
225 41
265 108
149 40
141 79
398 358
98 341
314 316
295 338
297 257
159 345
183 22
147 398
388 300
375 188
138 89
63 2
3 219
255 324
33 335
232 295
220 90
363 95
224 356
291 290
355 86
386 375
200 279
19 33
368 167
239 393
215 330
22 91
96 129
249 277
366 107
390 51
158 257
235 170
159 101
159 382
315 119
201 105
359 399
39 100
212 72
173 341
304 119
354 311
362 47
252 138
126 82
138 341
42 58
109 148
327 353
243 272
43 213
323 335
20 71
38 60
183 105
314 152
207 161
22 367
77 239
48 381
88 236
99 267
256 57
109 152
35 111
84 320
22 301
74 5
331 297
280 71
386 275
390 256
69 301
104 303
73 80
121 364
388 111
327 66
87 323
352 360
179 23
199 79
160 101
239 30
177 33
334 285
7 287
289 35
286 102
69 41
360 231
132 296
184 81
109 317
255 47
158 336
304 114
10 187
125 28
351 72
178 355
164 22
390 114
222 209
368 168
274 13
323 88
9 124
211 336
9 97
324 260
143 233
247 227
73 255
255 56
363 277
58 287
331 241
67 58
39 110
84 132
189 338
215 278
21 342
327 151
292 55
250 253
369 244
93 230
235 269
25 259
109 207
201 86
38 324
102 396
105 310
275 106
366 9
121 397
206 370
349 187
115 307
147 265
26 325
215 328
113 365
202 316
76 355
199 273
118 251
85 79
268 133
147 52
391 107
48 248
20 378
115 339
144 95
297 388
398 336
367 47
314 59
250 272
235 282
259 246
308 277
147 296
368 322
93 198
327 284
179 321
228 343
23 303
326 276
84 279
218 83
134 188
349 278
297 265
379 336
391 263
249 112
125 377
217 174
65 311
96 209
62 1
163 392
268 182
344 107
160 316
16 60
107 374
158 83
230 124
227 120
69 358
369 120
195 123
285 196
268 310
117 187
19 256
9 324
131 213
220 394
112 335
69 120
34 12
180 251
54 162
280 44
54 64
18 137
50 15
349 338
18 322
74 154
386 392
329 370
34 382
228 118
253 120
301 161
133 298
84 309
308 251
183 385
181 186
184 63
391 294
113 229
53 14
225 58
221 29
316 397
189 311
217 305
382 251
66 336
254 60
257 303
133 97
92 298
126 256
50 83
247 114
134 127
319 155
109 150
263 335
18 283
53 347
109 8
139 130
38 396
276 161
96 298
261 271
147 156
85 394
286 336
158 30
189 256
225 358
180 332
128 372
118 348
139 171
201 325
390 316
80 12
152 68
339 203
135 179
267 244
46 193
147 58
360 86
18 71
34 285
269 248
59 328
158 378
365 111
310 246
45 86
361 56
324 251
192 29
255 347
267 288
378 262
3 56
43 145
319 106
228 188
376 309
252 313
239 350
147 150
266 43
163 335
163 207
285 332
255 21
39 36
349 210
232 370
215 287
134 259
55 2
289 323
104 8
252 254
367 246
116 106
164 308
19 100
331 194
233 14
81 162
31 1
326 375
160 152
344 24
43 222
359 310
162 86
245 208
338 108
17 210
76 329
366 11
379 14
167 322
239 388
295 88
69 148
297 35
173 328
264 106
247 253
338 293
386 156
383 209
222 322
292 2
350 219
199 98
329 111
126 5
43 293
358 231
162 238
142 28
272 169
318 251
230 374
362 240
147 342
102 287
242 168
20 363
361 308
212 357
324 90
97 71
263 389
94 2
62 123
79 336
226 44
327 204
174 14
85 245
176 343
183 75
292 171
53 23
70 270
273 237
339 172
355 188
369 305
85 185
268 220
369 264
224 13
133 57
361 208
285 55
281 123
368 72
9 347
331 288
26 23
195 318
125 169
232 309
128 385
252 263
345 162
197 36
183 209
150 299
212 253
163 70
334 312
201 330
141 68
32 5
104 298
225 22
66 114
376 305
239 318
37 213
380 397
121 150
31 187
399 370
117 130
178 124
18 211
78 108
17 106
58 236
295 100
58 321
235 86
181 187
176 377
253 229
32 36
116 23
133 165
70 45
95 279
383 308
226 236
115 57
372 307
53 210
372 29
382 61
398 78
234 236
218 221
313 23
37 186
333 373
93 265
367 187
344 130
78 336
274 72
87 387
253 58
242 187
46 114
302 57
37 257
115 63
226 168
132 231
81 397
199 89
328 196
162 374
203 311
201 130
226 101
376 57
257 307
134 210
139 360
351 358
252 343
85 211
113 111
331 237
382 270
390 336
302 288
85 345
197 206
49 68
152 193
380 279
98 175
264 28
191 207
31 219
199 66
85 255
217 219
34 151
160 70
252 278
118 185
179 198
3 259
235 381
278 188
112 71
208 12
363 305
324 56
128 205
344 39
262 238
147 375
31 129
386 179
112 387
255 374
232 216
345 187
159 39
262 385
39 40
362 62
164 245
201 311
69 129
77 95
327 32
252 49
45 90
211 45
345 119
145 130
249 111
389 57
132 318
389 172
120 108
194 196
131 103
165 108
352 204
376 389
16 154
174 311
206 310
181 206
87 172
39 4
77 301
368 86
64 82
48 265
7 389
93 129
275 336
383 146
15 318
43 203
65 36
183 59
109 145
366 166
292 127
217 239
327 71
268 287
54 80
33 30
179 216
202 265
232 39
54 112
10 269
31 190
1 287
326 392
201 190
192 51
20 360
143 194
177 373
312 282
362 194
376 162
326 0
63 336
144 23
159 137
144 198
20 335
69 356
41 293
10 70
350 111
31 162
304 172
330 146
230 36
333 353
126 397
211 341
115 13
54 233
37 387
295 55
128 23
156 35
272 106
25 204
215 191
3 22
302 307
92 123
105 57
353 166
326 194
360 260
53 75
239 346
194 315
253 307
77 102
38 206
316 385
141 322
392 55
5 348
179 346
312 238
69 8
162 213
312 55
220 122
76 267
212 377
33 341
54 171
224 145
301 219
376 365
197 56
291 238
280 267
391 211
274 240
313 168
69 302
229 284
337 230
141 305
37 56
376 108
59 278
268 375
85 248
105 161
326 267
10 44
177 51
318 244
135 59
138 55
84 312
28 82
97 83
263 129
99 75
280 257
153 280
84 251
18 151
275 52
153 292
208 68
314 165
123 137
22 161
85 311
167 222
113 44
361 79
192 36
352 93
92 66
53 0
208 82
142 2
20 277
349 151
118 246
160 193
351 299
99 394
324 111
48 202
343 299
366 82
386 151
148 187
371 396
151 394
206 23
302 377
306 355
142 167
116 265
31 262
143 55
156 127
10 151
268 88
380 395
340 394
117 379
162 137
382 301
368 238
160 44
176 316
182 36
177 136
369 381
351 74
272 103
154 395
84 294
366 132
159 182
337 4
247 30
282 14
361 336
72 172
350 185
380 270
6 111
363 207
286 162
92 287
99 350
162 346
87 257
16 394
94 338
16 196
136 259
223 322
62 322
327 229
257 373
159 316
350 342
263 100
250 312
67 329
5 216
217 342
215 120
127 381
250 179
291 97
271 64
142 229
164 229
261 171
121 272
19 11
315 83
7 137
245 377
27 2
218 299
127 335
34 209
365 244
128 219
323 342
229 348
223 114
31 230
0 100
167 296
268 315
390 372
235 301
271 335
107 44
167 57
87 395
11 47
93 308
268 392
53 346
141 167
351 61
85 4
81 290
211 354
84 308
145 284
62 332
131 342
59 377
297 310
207 171
319 146
292 279
62 308
379 288
280 45
164 70
94 204
181 129
211 335
157 72
391 299
39 237
319 100
199 265
54 104
317 216
157 100
355 90
74 328
243 317
53 155
365 185
116 66
179 4
333 370
389 277
268 294
224 21
362 388
386 129
281 61
273 236
365 303
268 320
212 5
353 381
323 175
190 219
253 171
221 108
18 398
7 207
256 40
306 262
48 180
206 221
285 270
224 399
155 51
392 214
151 102
278 137
314 346
243 341
28 332
242 355
53 382
88 83
212 290
203 322
363 251
257 82
77 253
281 118
163 313
10 68
197 114
28 71
390 244
223 325
69 111
128 388
73 292
65 89
269 198
18 389
366 290
386 52
70 49
333 341
154 236
200 259
343 265
40 348
351 101
156 377
324 284
50 280
135 388
121 151
215 67
121 267
206 162
356 299
197 273
178 337
87 384
104 219
178 108
387 56
349 165
333 392
16 284
142 13
276 51
280 377
269 311
294 221
163 236
333 393
143 27
378 325
221 348
23 299
386 270
75 346
363 357
143 283
250 287
291 387
18 396
240 348
349 379
85 136
139 127
333 98
67 124
371 374
53 17
145 13
399 260
369 55
17 282
147 59
149 102
87 336
250 180
118 303
189 399
80 56
276 209
205 41
91 298
318 86
41 246
275 315
25 267
232 273
264 229
18 295
386 338
115 377
77 119
153 241
42 174
253 198
178 353
289 150
271 328
117 57
116 28
199 398
258 312
386 41
75 394
144 167
218 22
199 309
241 370
280 389
371 248
223 305
227 55
228 332
317 346
372 230
178 259
232 348
308 60
224 310
355 397
217 32
43 360
352 119
272 259
243 256
386 388
243 55
72 397
258 308
371 325
10 86
144 122
344 59
3 171
163 120
20 358
353 106
372 2
178 299
363 381
235 385
21 213
212 296
22 120
33 354
143 325
165 166
118 57
11 288
176 127
215 251
387 68
138 283
345 6
210 303
274 61
38 353
50 307
392 324
38 304
19 308
67 123
350 204
107 172
344 255
384 332
205 293
28 101
340 360
264 154
285 231
334 106
382 170
257 161
211 397
368 364
341 293
62 381
201 55
243 182
235 206
386 300
391 398
297 36
340 358
26 357
281 161
156 45
344 145
365 124
92 58
217 57
328 90
94 259
144 204
361 130
227 307
189 301
37 291
349 233
391 276
241 222
379 60
160 104
316 24
333 364
365 397
98 161
306 222
228 211
25 384
66 88
286 132
294 303
107 111
349 1
143 127
194 375
85 134
177 27
314 335
179 219
274 33
107 321
43 278
379 321
21 303
366 272
212 269
134 61
286 356
334 23
343 198
344 307
281 132
180 44
225 364
328 185
314 269
276 55
149 287
331 68
126 81
117 341
306 179
369 216
368 46
271 8
256 91
383 29
239 375
249 83
20 323
360 374
333 103
340 151
84 108
0 278
242 4
167 172
181 168
306 348
133 75
365 354
368 381
289 375
229 36
116 187
19 263
94 234
74 60
41 106
128 222
220 8
259 188
81 49
257 284
11 273
229 166
158 15
114 348
242 294
327 45
389 161
331 357
297 97
294 311
142 336
25 71
365 56
20 204
28 381
224 244
232 157
363 5
138 355
202 341
53 329
182 278
265 370
243 323
69 256
291 358
10 188
113 74
319 74
128 305
156 219
195 259
372 198
302 342
127 346
17 91
80 4
328 342
28 171
70 336
323 336
170 198
197 385
356 309
105 68
99 395
194 137
314 151
334 246
75 124
15 114
181 150
190 213
62 290
194 342
128 356
349 11
50 200
140 209
380 74
25 138
268 24
128 191
243 270
278 347
200 267
295 13
242 300
249 226
118 290
230 106
248 342
48 293
110 370
157 78
178 389
334 118
228 234
391 313
294 209
132 82
8 124
153 198
42 350
291 293
388 346
327 133
25 106
181 290
115 145
153 70
365 180
352 256
210 172
201 246
268 262
26 8
160 273
156 83
37 332
353 171
18 394
362 361
365 251
147 57
189 174
226 45
54 398
275 238
215 264
387 244
383 316
240 51
85 59
87 15
15 270
128 229
121 330
276 318
274 179
50 80
173 290
94 119
269 72
226 310
207 186
387 186
144 221
201 108
333 241
175 124
97 51
286 384
98 231
383 325
286 204
69 336
38 399
218 363
241 209
25 132
319 272
85 196
142 12
225 304
45 290
116 170
62 90
258 350
149 292
376 357
182 330
135 8
195 328
121 203
115 392
270 342
378 45
292 384
353 354
285 207
112 119
128 123
115 162
70 56
33 79
313 100
275 124
103 348
121 253
151 175
314 325
399 290
156 40
173 293
136 346
149 347
206 273
193 231
362 67
28 83
158 52
339 347
46 51
292 190
382 321
211 102
115 332
64 13
239 29
380 9
266 322
205 12
75 246
77 329
30 397
366 117
361 23
70 341
142 51
353 168
104 88
96 279
276 270
42 357
48 264
175 394
304 236
368 222
252 236
258 288
206 354
344 294
115 193
164 41
102 373
49 86
132 204
211 21
179 395
158 27
362 328
45 124
109 354
67 240
323 387
39 342
79 246
371 356
365 370
372 277
272 4
245 214
380 98
312 145
179 24
115 118
375 57
319 365
205 188
266 332
206 248
266 39
201 338
391 151
189 66
85 95
154 290
64 307
112 102
43 270
99 111
67 90
170 47
164 237
308 47
117 388
173 98
142 211
105 86
131 278
256 190
264 240
247 136
84 297
92 137
159 32
319 63
25 220
189 375
225 211
49 214
271 356
329 60
206 395
222 231
97 303
391 229
278 298
125 372
386 330
148 172
254 57
195 310
304 305
34 358
164 312
327 33
228 392
148 122
128 299
239 56
271 321
96 57
42 387
240 396
152 342
189 55
76 2
18 157
142 146
314 106
225 370
280 394
31 68
331 193
199 338
265 122
65 29
365 5
125 229
245 216
48 348
239 374
135 265
194 240
350 396
272 370
235 230
98 396
398 364
17 310
215 298
264 396
77 341
247 230
224 385
249 358
28 322
94 67
262 396
176 339
40 198
353 123
390 82
132 396
160 32
289 61
37 397
131 323
139 222
174 257
316 370
349 205
173 330
368 336
302 180
261 6
15 41
319 171
167 14
380 88
142 307
118 335
100 279
206 170
147 114
53 49
258 365
344 161
340 389
355 198
268 74
179 83
109 156
151 356
20 309
386 311
81 169
7 244
35 325
141 36
160 371
212 260
159 124
67 393
232 241
22 122
76 350
262 325
197 101
190 90
369 88
73 117
261 23
116 190
218 335
143 264
255 51
212 180
9 354
391 358
234 86
259 346
183 28
362 71
22 277
280 107
3 370
73 146
131 284
338 309
147 271
107 332
233 299
349 133
62 83
165 332
35 342
53 372
73 105
169 24
117 240
351 59
132 216
267 171
76 246
201 393
38 118
143 365
292 86
239 260
25 171
268 257
243 301
50 67
248 188
96 52
31 325
362 188
340 287
16 188
264 360
179 6
197 248
340 381
343 186
340 133
142 118
250 80
31 134
163 241
116 307
355 332
164 82
240 106
160 209
245 267
96 263
286 354
326 320
26 279
177 71
127 284
269 394
178 12
369 254
139 283
147 152
199 5
97 146
289 329
319 213
195 389
26 378
53 13
349 370
104 103
390 338
206 72
93 40
278 346
22 377
272 230
103 187
344 365
148 150
267 13
77 313
25 226
121 211
200 49
390 365
54 65
39 169
306 244
159 262
297 79
81 165
317 130
383 83
126 57
217 15
153 120
247 67
109 399
289 120
261 295
197 251
344 342
212 375
46 203
77 134
164 208
328 29
173 174
136 287
81 180
158 139
391 361
202 208
74 355
147 63
184 91
383 259
201 99
211 248
144 265
331 35
184 277
248 216
128 17
38 75
318 188
319 194
274 134
159 396
249 154
142 104
351 229
76 263
45 396
48 392
148 145
390 238
67 301
362 151
59 229
320 216
286 45
327 5
215 292
271 288
159 1
224 172
314 172
274 120
226 254
136 219
176 9
372 193
327 80
266 107
229 108
96 170
245 150
235 394
142 356
326 93
115 108
210 60
184 378
31 240
17 203
70 308
22 287
265 342
333 375
140 117
343 277
190 279
225 117
163 41
312 262
121 205
149 317
117 282
368 171
151 385
240 251
345 192
345 385
126 353
152 231
239 364
306 254
318 52
126 196
157 399
261 15
329 129
210 209
140 45
159 107
220 41
4 29
201 337
62 79
158 303
378 110
280 277
352 328
310 381
135 246
131 300
19 354
114 60
340 67
266 387
158 8
331 49
289 385
191 75
72 101
304 318
175 82
344 40
140 172
378 28
351 15
308 111
79 238
34 154
93 175
256 41
94 98
215 329
285 5
242 241
210 231
81 78
58 124
353 336
80 208
225 296
73 342
72 381
340 6
178 171
125 79
344 325
269 123
281 253
250 265
3 387
104 364
340 44
326 315
76 33
135 371
319 46
145 124
33 288
62 231
286 284
45 219
356 90
302 14
366 119
218 17
147 241
367 219
275 61
132 360
249 361
100 298
280 14
159 273
359 393
242 49
133 387
362 191
227 364
275 374
113 269
75 293
46 13
259 124
317 196
330 311
167 388
226 288
253 237
39 64
276 307
77 382
239 60
93 301
121 41
235 0
200 169
261 296
327 324
87 371
302 395
252 357
31 93
271 165
191 395
25 321
158 392
49 51
242 214
31 22
176 358
77 47
265 188
128 310
19 82
263 122
337 68
63 187
264 30
54 308
167 101
178 237
115 398
369 273
140 114
249 188
333 200
366 146
135 29
368 264
331 287
194 251
132 78
16 57
32 262
73 71
371 213
42 345
263 370
48 374
157 36
366 311
147 86
120 213
199 104
376 29
54 262
141 15
177 301
369 154
234 393
121 4
87 392
386 146
243 136
67 64
160 328
364 12
131 355
295 91
93 210
128 206
7 36
163 211
282 172
314 207
16 337
151 301
121 316
350 71
249 106
206 169
304 308
165 231
17 4
376 328
266 108
276 325
81 166
103 119
247 63
199 210
259 287
25 66
232 385
48 384
270 13
227 107
218 110
128 28
258 293
323 364
190 171
61 52
382 381
85 152
267 188
174 248
232 30
388 52
153 210
84 300
93 146
211 193
140 74
289 320
162 172
127 277
102 299
53 81
39 91
389 52
176 22
85 384
95 342
131 206
250 120
151 83
247 370
230 52
66 101
73 9
285 95
232 190
291 360
7 263
274 216
363 68
383 220
134 124
389 24
223 46
384 36
263 192
194 5
291 170
201 33
360 161
218 66
165 322
265 231
211 325
167 97
276 284
21 90
116 43
280 61
262 348
274 169
32 102
7 22
164 100
39 45
312 214
88 307
49 303
200 290
376 324
272 196
371 165
135 272
22 107
151 395
142 154
398 330
199 371
54 395
155 213
121 347
391 236
207 332
18 122
167 4
297 102
26 339
391 231
31 12
281 355
84 276
72 244
38 88
228 55
31 284
43 21
350 311
159 185
139 204
319 253
268 161
250 78
215 342
141 399
157 146
323 107
380 14
256 335
128 62
241 270
62 388
25 336
84 371
319 32
67 169
197 75
239 287
224 318
140 71
376 156
179 367
58 293
250 288
272 21
220 146
262 187
365 145
229 307
203 237
375 279
156 5
31 395
165 57
69 335
65 14
240 374
62 303
258 313
138 169
42 336
59 64
109 301
163 233
273 12
98 190
78 373
136 209
1 185
390 381
269 97
254 209
148 103
128 161
182 213
306 161
281 308
191 251
139 83
164 363
253 214
192 214
367 251
151 375
8 166
151 265
133 214
87 341
50 138
147 43
43 364
199 74
50 378
240 52
390 387
147 9
117 27
390 100
386 310
94 248
125 394
19 23
149 207
398 68
141 398
351 29
65 293
27 397
121 239
266 61
226 350
384 381
99 107
289 110
6 185
367 287
16 248
223 88
50 146
156 88
153 302
169 60
91 244
380 271
126 171
369 322
278 336
128 136
225 80
333 276
326 337
194 13
16 216
142 227
316 12
193 284
160 287
18 318
11 341
27 394
162 231
232 299
178 317
206 60
76 89
87 105
128 239
208 52
30 166
184 187
85 308
73 32
53 138
382 357
80 64
50 202
54 68
39 360
320 370
383 106
149 342
271 57
11 325
81 171
9 165
351 267
98 35
220 72
220 251
140 171
387 24
163 98
54 152
343 170
23 307
20 182
153 89
1 321
226 364
368 32
398 293
152 58
224 168
109 337
73 33
247 307
42 124
319 279
240 44
366 240
151 254
105 397
23 346
7 17
141 29
243 129
142 305
253 375
102 385
369 52
258 172
92 282
390 246
10 104
222 171
199 62
376 64
255 162
19 65
372 308
30 124
59 13
217 222
280 28
19 130
352 297
291 123
255 187
140 311
73 329
326 355
375 204
334 378
304 36
18 12
136 367
399 219
112 123
59 260
191 119
39 79
194 103
249 203
20 32
18 379
62 238
281 358
224 192
372 321
353 248
126 40
312 332
80 207
117 399
39 216
253 83
271 377
358 216
294 65
163 332
140 297
142 271
157 330
242 246
362 82
92 23
142 124
392 28
113 302
69 132
178 347
301 231
30 214
144 49
355 325
95 198
157 251
233 311
191 51
152 350
113 370
266 97
247 157
271 83
275 175
262 298
333 332
19 234
41 216
197 396
206 21
248 68
43 188
33 305
158 206
99 379
18 29
35 214
326 165
22 332
351 106
294 24
352 102
292 350
380 255
207 342
206 119
365 356
15 310
126 152
281 8
37 360
289 49
156 61
207 24
42 328
183 330
77 207
30 137
180 311
228 103
22 213
81 396
127 377
257 119
248 260
50 95
152 240
256 246
314 388
104 35
310 56
134 231
139 384
224 398
159 221
179 129
285 360
280 180
153 32
55 385
96 191
98 12
376 186
98 240
302 397
220 335
199 59
134 238
265 332
289 33
301 57
27 111
7 110
158 364
296 172
20 2
147 377
380 338
3 9
125 238
43 102
61 397
48 2
142 272
160 82
159 51
73 233
330 251
39 298
243 361
70 335
183 91
27 86
54 220
376 313
334 321
334 347
67 354
153 238
207 394
366 341
344 83
42 298
378 123
126 308
141 45
382 101
263 254
314 248
3 43
292 348
289 361
212 234
152 101
366 342
399 51
81 230
349 56
178 165
76 188
80 118
74 318
93 78
282 82
125 253
368 272
362 68
228 202
340 299
228 12
353 180
115 325
306 27
296 244
386 262
295 230
159 284
243 138
362 360
177 43
351 83
226 305
183 325
202 257
96 378
398 123
104 384
22 101
1 108
327 129
296 101
75 47
264 324
16 341
361 55
96 396
197 186
344 43
228 148
131 72
353 283
178 63
228 81
151 88
312 208
340 260
159 219
40 86
54 120
215 90
169 335
87 234
132 52
183 234
54 204
363 36
144 47
252 67
201 398
178 311
164 133
297 52
102 209
135 260
252 381
261 203
226 388
326 265
143 36
222 377
387 161
96 172
390 174
218 136
352 287
7 24
310 321
26 14
140 399
224 365
144 28
87 56
138 78
339 348
63 309
31 255
224 320
49 298
163 68
344 372
53 293
304 13
263 303
77 275
39 129
184 12
365 309
359 346
398 180
163 388
294 150
369 338
157 367
15 324
114 322
84 263
264 65
152 72
354 238
144 279
189 207
228 43
217 180
96 88
362 311
266 124
157 397
351 107
1 111
73 350
109 260
70 30
153 206
297 397
281 196
37 276
76 152
80 127
391 241
135 283
182 207
37 165
365 238
273 111
250 355
286 32
19 330
241 55
19 348
223 90
147 108
267 394
31 309
160 393
343 5
99 57
127 187
355 287
390 179
264 90
376 227
23 51
66 29
245 332
345 118
344 55
134 68
380 209
164 45
205 63
54 346
378 75
241 293
176 248
349 67
274 328
163 191
173 182
149 312
132 170
269 180
84 145
343 165
275 107
390 260
105 63
177 371
352 136
26 375
270 129
353 24
147 255
310 52
99 222
211 317
61 244
199 277
23 298
269 86
67 374
264 110
232 256
323 192
121 45
285 171
179 90
199 78
189 354
94 394
31 98
23 56
94 117
164 320
159 208
211 251
134 287
73 260
365 28
344 64
341 347
156 169
341 342
326 361
132 1
280 300
344 110
197 174
144 51
115 124
66 299
368 227
292 110
264 124
42 28
32 298
349 373
73 172
123 393
105 120
66 246
281 6
324 283
135 45
69 22
10 248
306 270
184 381
84 4
226 165
178 294
272 58
259 166
211 393
189 192
281 230
199 46
398 305
46 347
128 58
18 320
221 396
9 120
173 168
39 335
173 58
268 240
224 346
230 397
25 265
104 188
81 51
151 374
53 305
343 145
368 311
31 318
199 198
31 6
147 204
383 271
242 337
273 336
0 375
88 300
245 44
141 28
11 318
16 93
141 300
3 13
15 329
215 325
218 112
3 246
102 374
132 35
156 29
281 222
235 97
368 21
22 246
208 283
20 171
42 4
69 172
50 377
48 313
28 186
272 49
102 129
76 133
65 288
225 277
84 301
1 277
158 307
163 206
344 276
189 58
189 49
10 58
9 356
218 361
66 30
280 108
338 185
361 299
262 44
145 90
43 356
37 254
262 130
391 51
369 280
220 341
27 321
120 394
39 267
295 8
206 311
326 219
148 355
16 278
173 198
123 44
77 112
224 397
191 203
285 13
294 262
20 356
19 64
359 325
353 196
243 209
224 162
200 44
176 95
386 157
105 299
273 332
327 234
66 305
87 139
324 119
96 91
72 185
263 399
376 190
61 377
366 206
163 182
156 257
399 29
18 399
94 345
121 302
382 277
50 165
218 30
312 13
368 299
278 342
255 192
206 307
178 127
286 179
142 174
158 256
54 322
351 148
380 280
249 374
351 27
327 161
289 133
42 139
167 288
128 343
326 257
352 89
74 91
256 188
205 244
292 387
153 267
35 198
333 216
194 110
75 236
147 90
126 343
173 245
70 356
160 226
42 382
334 49
270 24
10 379
359 39
138 198
352 161
153 313
0 350
253 296
351 9
312 308
224 57
63 283
147 373
358 172
31 71
369 118
34 263
45 307
326 260
9 30
95 129
367 129
16 168
107 290
33 240
116 301
253 379
202 63
274 107
98 61
7 166
104 316
292 287
305 57
76 129
136 332
225 157
263 8
323 51
250 152
223 371
163 253
46 259
184 392
256 72
368 324
258 12
375 303
212 22
103 209
42 360
271 399
343 130
272 384
223 381
131 388
53 145
210 279
368 97
134 237
241 342
45 36
164 246
102 293
109 194
67 213
305 325
182 342
50 234
378 82
77 15
227 127
160 191
266 194
224 9
38 310
225 288
362 110
99 186
294 399
81 155
266 75
125 191
327 83
131 338
295 119
242 307
280 387
343 120
48 322
304 101
319 133
270 172
390 285
17 336
8 196
359 291
242 373
289 275
97 397
368 55
126 370
269 210
372 190
391 61
351 156
301 303
147 293
69 346
265 300
351 335
176 97
22 5
7 367
6 83
358 325
15 308
207 129
50 30
302 381
184 156
258 167
312 204
291 350
340 342
276 246
80 51
323 120
275 375
155 83
92 231
220 186
281 283
330 393
319 165
199 170
128 157
178 335
195 354
339 180
144 394
113 316
42 171
126 398
160 61
337 106
344 213
212 138
338 279
200 56
306 117
149 226
226 124
326 168
338 348
266 276
352 167
234 82
74 41
205 171
235 139
269 55
280 198
378 204
256 284
77 168
98 307
258 227
46 356
10 134
88 335
70 47
229 161
286 198
228 36
249 227
367 106
70 373
135 5
241 330
215 308
20 36
159 21
3 36
384 57
32 95
212 206
34 186
155 172
42 254
323 162
176 324
183 68
252 192
85 324
85 91
113 66
295 358
63 83
107 214
115 196
227 244
368 341
95 348
156 166
337 127
131 14
160 21
367 307
189 278
243 4
340 300
67 95
250 5
215 22
351 36
107 231
267 342
26 79
291 35
343 102
178 354
116 322
361 231
147 210
25 188
59 350
226 72
163 137
189 186
340 191
223 101
85 342
23 231
220 45
319 91
378 360
263 196
170 300
357 82
250 371
139 262
175 335
226 172
145 2
105 301
212 47
337 168
266 88
41 51
121 47
192 284
20 83
386 348
125 35
334 100
20 307
227 47
147 277
164 335
233 246
85 357
173 70
285 374
399 36
112 396
67 381
81 36
69 136
384 146
234 127
399 13
135 63
312 221
173 275
72 393
141 244
66 240
339 119
269 265
158 67
69 295
349 395
153 80
50 9
6 82
159 255
59 23
66 1
225 231
76 313
226 71
76 49
159 363
282 300
64 332
264 262
243 210
160 172
141 117
218 156
359 139
10 28
175 260
184 4
132 270
184 98
255 305
243 88
232 80
156 246
285 308
369 2
46 27
261 355
384 238
345 367
105 204
167 119
272 190
215 372
163 136
15 236
326 129
353 27
150 166
206 373
286 58
42 86
21 322
16 74
145 311
135 244
327 236
349 4
314 166
40 29
323 114
249 291
313 72
115 90
103 377
143 134
291 332
79 373
84 78
3 267
22 6
94 5
10 88
153 68
249 137
126 272
390 302
94 220
169 83
74 358
314 72
272 110
289 280
243 308
157 346
59 210
337 97
292 196
37 303
98 97
102 119
93 393
69 296
181 392
0 106
207 260
27 122
136 325
0 2
255 267
285 63
76 388
141 168
189 308
383 188
349 33
232 300
77 277
329 198
352 138
142 364
363 388
66 27
154 288
363 244
69 299
363 316
19 297
200 328
232 302
143 4
99 122
215 375
37 41
178 179
324 373
109 320
337 171
339 379
197 294
199 33
23 83
319 71
352 275
183 198
26 295
74 4
272 303
345 91
240 311
164 377
292 307
67 298
35 279
189 316
212 373
17 270
252 248
121 343
365 301
67 358
157 171
291 8
43 172
388 108
93 236
143 307
48 55
337 124
264 49
254 119
40 187
18 32
140 342
21 244
315 29
74 123
194 45
182 196
15 350
9 90
81 30
351 361
294 64
147 279
349 257
53 15
270 394
392 208
249 389
205 78
390 354
195 110
199 254
327 310
249 80
271 45
205 373
59 301
390 88
208 60
326 29
200 317
338 321
126 151
343 287
268 40
362 83
107 322
349 381
247 257
48 168
177 245
179 288
344 374
297 5
266 324
274 39
55 56
135 387
353 165
207 231
61 161
91 238
126 385
10 169
126 118
139 146
234 168
156 350
320 311
331 257
272 346
158 114
149 134
96 206
337 192
38 278
72 24
266 186
84 348
206 207
391 138
247 348
135 310
136 57
386 363
253 328
358 82
226 118
306 299
266 238
372 130
331 308
176 298
399 298
239 170
191 296
243 316
318 130
7 68
53 107
107 71
87 162
269 356
366 33
211 56
263 68
327 370
286 56
227 129
278 13
208 332
23 2
314 367
274 294
316 68
109 348
104 12
352 66
92 244
327 297
159 285
353 47
136 161
70 259
93 216
247 342
349 117
181 254
140 162
178 229
160 78
195 347
43 355
142 377
362 315
3 111
271 102
160 244
159 264
160 363
116 272
50 194
67 216
380 365
28 335
224 101
324 311
312 120
340 264
351 343
70 137
295 207
352 166
274 293
142 221
65 124
276 322
99 288
115 5
3 191
78 216
174 265
164 372
144 295
53 267
38 299
372 346
190 129
289 58
62 12
115 36
295 79
269 273
383 279
313 237
121 280
19 35
80 356
168 346
178 79
366 207
302 169
135 2
150 335
16 305
159 162
234 348
367 321
270 2
35 385
366 348
326 395
39 190
281 62
334 156
232 89
53 186
269 101
355 299
304 193
324 137
344 328
147 264
326 56
310 385
352 65
135 311
368 8
386 155
331 157
253 180
31 56
62 186
8 56
199 156
140 80
376 137
63 137
276 287
163 296
232 81
249 204
261 154
292 83
149 398
241 102
234 320
375 288
9 221
141 93
235 134
91 396
7 61
200 360
202 293
163 329
286 335
221 395
183 157
281 264
269 52
53 64
220 171
243 75
148 381
118 106
169 303
109 357
0 355
17 277
87 216
345 64
11 322
280 40
264 129
3 4
371 21
33 63
329 332
383 230
85 393
215 124
220 260
183 282
182 388
297 325
206 358
35 57
179 384
61 172
62 384
384 111
38 35
191 330
151 130
286 185
77 202
34 108
59 321
175 213
343 267
215 44
330 283
87 114
6 124
387 335
206 41
297 238
235 44
98 257
235 238
274 381
386 295
165 14
183 295
0 119
232 21
344 310
104 389
34 166
262 397
11 63
353 367
215 59
115 236
92 307
391 157
62 375
372 279
153 360
266 12
376 169
141 105
59 299
95 284
177 36
194 2
100 374
314 276
19 206
96 350
42 267
352 291
114 101
133 61
95 89
369 204
85 9
369 275
208 204
156 341
169 377
133 330
193 29
289 194
16 111
134 265
126 0
147 186
32 65
312 146
228 267
115 234
255 127
125 355
326 264
140 339
268 33
189 277
20 229
81 296
7 203
112 47
189 205
285 336
197 322
150 238
25 166
297 122
333 130
250 392
23 373
228 316
218 254
391 104
326 318
380 259
235 51
34 313
28 237
226 367
306 59
8 29
173 86
115 98
312 388
38 348
103 298
362 1
121 317
134 208
280 348
266 119
113 287
10 2
117 364
15 208
144 364
135 36
258 107
11 186
31 342
378 307
92 169
247 246
3 392
112 41
197 90
81 267
380 188
125 57
212 315
84 396
274 315
267 321
194 370
173 335
191 367
45 52
42 379
125 313
353 265
241 296
143 312
63 146
249 297
383 14
286 264
22 355
42 269
352 216
63 86
32 307
42 202
165 373
77 384
126 65
376 277
314 230
263 120
158 65
339 107
189 93
308 56
371 341
314 30
25 324
228 112
364 374
141 119
78 187
286 305
96 290
140 194
345 310
326 279
297 64
115 110
273 216
158 198
112 278
240 12
136 284
179 214
18 348
245 355
227 395
212 276
344 112
392 360
275 221
235 312
115 230
61 60
148 300
261 1
223 17
115 191
314 44
81 154
155 111
378 146
275 284
372 122
9 204
353 52
337 283
369 230
267 279
43 229
151 124
148 254
153 294
315 393
235 145
281 78
131 193
99 30
280 335
77 222
242 301
285 118
121 86
362 91
183 320
329 321
382 193
77 231
242 180
306 214
365 311
39 309
147 230
158 372
255 8
320 129
104 196
121 283
306 356
317 219
94 315
226 107
318 277
53 36
147 68
392 129
125 241
50 226
376 138
176 260
167 370
132 56
227 210
169 237
208 90
256 204
18 17
153 79
235 322
226 270
37 309
255 387
232 99
306 399
32 387
84 354
73 192
142 151
264 88
114 373
349 63
302 88
78 260
248 385
181 220
349 284
343 63
45 298
102 336
379 244
69 123
40 209
43 137
53 241
1 335
184 356
3 168
369 210
157 63
344 100
323 273
35 288
222 187
349 245
369 267
208 14
285 287
256 185
41 29
224 191
368 110
189 39
226 180
39 329
367 244
160 66
258 357
143 86
392 1
74 279
48 234
184 255
164 156
93 162
69 103
140 122
152 91
232 234
6 186
121 396
159 311
268 66
232 238
343 298
135 211
369 233
104 374
132 246
70 23
312 64
326 204
163 99
168 56
252 396
189 198
81 175
271 12
140 118
382 322
211 342
142 170
223 296
215 11
392 222
69 70
212 270
94 328
20 273
259 119
239 75
105 381
135 237
142 370
18 103
98 303
40 14
266 374
54 123
194 318
74 120
134 322
176 132
376 80
42 64
85 82
143 104
289 255
333 399
248 374
147 111
281 2
286 61
159 254
230 231
87 154
318 342
200 72
352 186
50 338
264 44
74 118
242 399
386 244
291 251
193 395
289 342
167 209
22 310
372 259
74 347
61 188
115 8
258 367
349 358
271 354
116 222
314 70
183 213
99 123
123 311
94 123
183 280
33 41
224 56
339 89
281 168
371 393
25 49
269 122
138 287
159 161
363 346
84 384
125 83
88 24
361 196
174 288
200 213
249 365
145 60
158 170
139 170
144 46
218 74
25 342
361 346
151 213
76 28
96 397
368 378
314 2
367 288
223 145
194 57
286 182
331 41
345 308
65 185
54 51
120 336
358 57
281 185
140 272
163 67
271 367
261 61
147 66
26 284
126 381
18 297
17 342
175 12
289 387
88 204
126 384
392 14
268 175
76 134
45 71
350 287
201 361
133 5
372 106
333 350
182 320
163 330
19 316
367 374
234 111
127 188
206 214
195 35
195 381
252 207
153 381
268 241
327 44
392 399
281 104
178 0
199 396
135 172
366 162
323 216
389 396
340 346
174 244
273 36
253 169
205 44
327 238
266 202
386 29
233 185
17 137
333 233
20 387
163 208
54 339
99 95
94 65
77 364
18 346
295 204
69 370
134 204
294 162
85 188
87 303
48 44
376 388
50 345
357 52
378 336
4 299
72 299
386 9
134 57
158 295
77 193
319 257
40 309
94 318
50 29
202 58
113 167
87 325
389 122
26 40
48 51
192 106
382 354
191 165
92 248
363 30
202 196
143 298
356 198
383 335
183 365
21 196
182 101
272 213
99 231
134 214
352 381
239 166
162 251
163 227
96 398
6 57
140 325
94 12
205 251
76 295
242 210
96 188
380 112
33 114
344 129
289 190
159 157
268 35
313 346
375 238
31 130
77 52
179 64
199 154
289 348
3 397
369 33
356 393
178 58
0 208
205 321
55 187
148 346
208 161
389 185
183 191
169 146
9 254
145 86
359 112
81 279
343 12
220 82
351 231
215 254
114 307
245 65
164 104
211 303
304 187
139 14
179 335
32 221
149 136
228 273
281 373
319 335
155 236
163 395
212 231
73 205
378 107
327 375
203 397
100 309
67 320
268 345
126 91
67 342
398 328
272 395
337 315
104 63
331 354
28 342
380 196
272 267
126 324
76 343
81 315
117 213
360 336
37 101
333 263
97 347
268 100
176 375
152 8
48 14
73 315
344 312
270 124
164 111
361 296
386 80
331 32
98 4
20 354
202 358
160 75
252 134
227 214
84 378
268 172
19 1
16 1
22 180
220 58
369 13
174 89
334 211
317 321
383 78
126 139
99 35
248 284
340 117
228 313
167 41
227 168
105 214
99 316
20 97
163 355
18 323
354 130
275 188
22 150
153 233
183 204
258 248
126 239
210 290
371 102
135 213
67 60
142 325
294 36
189 152
234 222
391 100
34 43
34 264
306 313
176 364
223 155
289 32
286 8
138 190
5 187
294 288
31 156
199 32
93 8
183 259
66 357
25 191
215 29
143 336
16 4
59 355
10 8
352 55
371 168
372 236
62 367
50 293
34 132
193 246
337 298
372 180
243 332
210 348
75 68
38 329
183 265
20 278
289 283
217 329
81 146
160 49
310 300
383 41
136 88
177 35
365 193
59 283
351 185
272 101
304 356
233 44
21 13
28 347
43 290
366 5
363 47
228 68
19 119
189 179
228 367
345 95
127 321
17 72
264 47
85 83
19 12
308 119
194 395
115 89
84 55
73 399
398 397
94 172
327 328
95 283
91 166
261 285
72 146
46 322
205 395
280 290
85 371
258 301
31 179
164 168
11 375
200 106
200 166
281 385
316 377
301 336
85 175
247 168
249 308
94 106
80 219
64 347
162 244
112 389
8 52
193 171
22 315
281 312
94 308
235 296
109 236
227 170
333 106
258 119
371 36
357 219
340 350
34 127
371 6
128 89
254 185
232 32
375 124
54 166
341 146
333 203
59 88
390 276
256 230
139 396
207 213
150 14
184 259
398 210
135 162
362 136
200 270
152 124
391 230
173 337
87 51
392 240
228 152
169 325
339 338
50 399
226 341
151 251
220 68
360 171
226 75
179 347
23 106
256 236
390 46
289 346
194 29
9 238
116 127
314 78
179 101
383 70
37 17
193 251
34 185
268 65
164 239
337 381
271 348
163 156
9 72
20 254
285 237
163 290
210 187
147 102
398 28
72 89
113 175
74 106
261 227
50 1
103 171
286 75
223 338
10 241
143 345
326 47
282 309
208 348
222 186
131 203
256 309
291 198
95 29
371 293
356 236
120 219
286 347
225 169
126 138
262 214
326 51
22 374
128 272
289 45
113 357
88 396
20 118
376 234
133 55
117 2
117 91
156 162
38 214
240 166
351 208
132 124
334 145
363 190
74 229
104 287
340 312
226 251
271 106
320 14
148 204
304 86
40 188
232 172
338 377
296 111
32 303
183 118
116 318
1 260
23 209
3 40
174 107
9 219
75 161
197 279
41 336
104 120
134 364
156 91
201 382
105 231
160 36
256 231
388 89
224 174
383 98
133 213
37 295
85 265
183 210
289 227
97 198
121 301
271 79
159 63
178 253
387 279
302 230
304 315
98 384
218 72
153 41
326 78
141 81
353 89
266 393
16 200
141 67
42 24
164 392
62 145
28 108
157 75
78 298
70 108
99 299
158 384
6 236
18 155
95 90
42 381
239 58
64 12
259 231
141 385
344 95
363 379
182 124
38 312
266 146
345 338
295 329
62 82
117 394
84 282
34 288
134 207
352 56
54 365
367 51
72 290
399 137
340 17
232 152
85 254
376 282
268 260
74 124
253 248
320 251
338 12
225 152
73 395
337 187
256 358
98 248
268 264
98 203
159 385
202 60
160 389
269 325
302 375
92 152
380 198
167 120
32 13
275 186
337 75
252 103
96 231
344 317
91 71
352 200
218 294
164 356
150 47
79 393
104 29
11 137
302 379
268 15
312 175
138 193
351 191
392 348
42 395
392 86
384 237
46 315
131 302
173 118
233 130
126 241
77 182
81 238
331 202
81 210
94 45
265 47
363 308
195 226
280 1
232 209
0 315
286 211
256 49
46 367
195 278
281 171
20 226
116 279
125 118
96 213
3 328
256 27
80 44
182 114
285 110
369 288
69 255
232 196
15 170
94 17
76 44
189 396
229 13
353 307
19 253
323 257
163 263
274 271
378 162
319 75
398 6
85 259
133 388
184 361
197 123
368 267
75 348
242 124
392 320
181 233
224 5
69 200
280 27
258 27
10 79
337 169
359 172
66 49
271 273
207 166
91 172
306 387
323 65
69 332
50 188
5 283
233 298
184 263
26 381
333 294
109 398
143 117
349 259
222 108
126 78
184 398
223 166
131 166
266 187
304 129
25 222
163 95
313 124
140 248
125 36
291 88
92 310
102 187
170 86
8 373
155 303
191 290
54 348
378 30
261 276
10 271
282 298
163 307
359 150
356 196
253 221
142 49
139 111
359 272
34 253
364 298
115 0
280 51
160 280
228 307
159 80
369 56
25 120
87 282
363 360
376 99
50 287
58 47
247 220
163 308
337 375
258 371
53 58
383 79
9 260
61 277
158 264
202 367
48 162
264 278
275 27
26 182
140 244
169 236
140 299
34 387
32 124
351 398
391 117
266 78
194 360
245 169
195 350
359 33
17 100
268 83
160 364
43 219
366 329
226 137
266 41
100 119
3 377
175 287
274 205
292 130
163 338
125 354
254 321
42 384
19 276
249 36
121 307
249 263
353 388
156 27
234 355
73 47
252 196
34 21
390 130
227 284
116 110
11 237
155 370
117 190
94 350
206 229
76 119
263 89
241 240
295 330
226 198
22 51
3 156
324 166
58 13
304 111
301 146
87 71
323 293
285 395
118 83
331 298
37 55
264 45
220 209
341 336
141 335
323 12
77 5
180 130
85 216
8 57
25 111
156 57
114 251
304 162
116 196
264 310
139 284
104 367
62 52
361 106
361 260
140 64
177 305
359 335
65 90
354 394
199 290
7 398
315 244
276 330
135 379
112 379
131 222
255 185
212 227
126 222
189 5
53 172
353 254
364 198
286 273
54 130
276 72
197 269
220 303
212 322
264 107
115 356
175 246
351 30
269 186
66 4
268 150
177 288
163 28
73 285
314 318
148 8
210 373
314 123
256 52
368 61
177 262
226 315
286 260
386 350
109 44
383 313
41 303
104 154
58 187
351 262
352 86
37 353
66 330
314 393
200 27
333 207
315 106
142 99
0 214
159 259
268 270
181 152
37 120
369 134
333 39
313 207
85 303
274 166
144 127
164 62
69 186
271 108
11 373
54 150
195 43
333 316
179 52
62 122
285 303
98 193
229 52
31 213
273 29
218 12
247 196
48 167
147 162
276 222
249 311
18 229
189 137
362 355
50 291
331 180
62 357
215 152
160 91
104 240
281 205
178 360
98 47
70 316
164 83
217 101
195 33
169 298
11 259
54 4
334 381
105 346
318 90
0 342
4 370
93 107
365 384
255 389
16 95
64 2
76 207
248 236
6 219
143 305
74 127
61 396
382 246
352 90
199 72
220 379
247 282
256 129
184 29
34 237
334 63
392 198
352 265
398 111
113 318
274 273
386 303
292 246
372 61
234 301
206 290
201 255
227 150
201 49
398 396
66 238
39 320
221 374
26 277
308 188
375 2
282 213
179 244
121 55
286 161
181 71
398 51
353 325
368 90
256 29
43 387
194 321
199 389
96 66
368 119
158 6
10 111
365 328
182 175
140 259
10 39
109 271
167 28
334 82
249 192
176 342
368 9
39 348
344 343
362 13
225 202
160 312
195 193
225 278
274 148
84 127
317 14
376 387
369 283
191 284
50 150
352 36
306 9
225 385
292 100
217 304
126 337
48 63
159 13
183 361
243 373
53 377
316 60
225 166
362 392
232 392
306 377
399 106
144 308
136 278
217 357
62 277
340 66
360 279
156 56
368 98
15 29
117 210
215 358
76 315
145 209
218 328
147 123
39 185
138 321
26 282
351 203
10 398
189 157
66 387
110 251
66 370
135 61
181 88
34 156
281 90
334 75
94 273
133 193
243 282
105 240
179 186
376 358
249 156
329 186
135 138
201 370
343 346
265 311
399 288
274 375
127 290
103 288
257 52
352 241
76 330
34 238
48 111
17 377
324 322
183 12
112 180
21 216
80 123
16 364
150 377
386 377
371 318
225 332
359 338
126 30
160 398
33 373
206 277
4 300
21 321
167 329
131 175
337 100
376 315
225 372
140 374
340 97
363 86
194 162
253 196
380 308
39 283
48 17
390 83
45 56
18 179
193 106
275 222
99 387
77 204
15 91
37 315
136 101
141 182
50 342
64 348
224 305
143 259
217 302
8 2
144 253
184 117
266 192
365 299
0 293
286 378
125 89
177 72
359 120
74 385
109 13
285 90
205 27
38 322
276 341
22 172
159 222
252 293
189 361
225 120
331 79
254 83
149 13
182 335
181 44
142 138
225 196
9 6
19 341
69 52
145 47
333 107
42 204
378 49
247 29
84 398
76 241
252 222
30 71
147 240
104 83
116 103
117 204
226 4
340 45
105 172
115 241
314 204
35 283
17 308
234 79
162 146
104 58
265 12
329 196
234 254
398 187
19 191
333 292
10 17
134 267
177 226
157 332
359 316
23 82
142 310
345 12
42 17
178 30
351 276
37 271
249 61
164 346
252 45
343 124
61 13
25 72
286 244
195 209
340 322
183 101
253 161
343 238
337 2
139 193
344 36
338 161
76 229
295 301
112 214
81 342
330 374
25 46
257 277
147 32
31 290
249 104
3 375
191 358
162 68
268 222
54 196
368 389
312 394
85 63
250 396
331 372
243 234
31 175
121 14
302 350
274 8
76 312
149 162
121 234
306 360
38 119
376 329
241 103
9 246
156 385
27 119
75 321
39 367
96 377
326 345
11 162
286 80
164 56
20 13
131 269
50 317
131 167
289 288
195 377
76 317
128 260
382 385
339 213
169 86
319 318
391 300
176 238
182 395
330 214
215 5
26 341
274 397
294 216
241 119
191 150
34 311
142 4
178 371
152 270
308 381
58 185
212 123
211 219
173 111
120 309
116 17
242 275
364 303
361 273
149 245
285 154
160 190
174 41
286 292
149 182
96 318
345 41
258 15
84 74
96 222
200 79
280 279
157 213
272 28
19 241
285 341
49 111
113 93
16 174
242 150
221 347
178 169
20 313
359 304
362 132
8 251
48 23
363 240
242 146
245 36
376 288
362 262
34 59
98 399
211 230
155 47
212 107
59 165
135 372
338 238
319 384
271 396
392 373
398 71
48 336
212 353
289 285
16 317
378 165
140 346
264 61
53 100
143 358
225 257
350 309
54 219
135 40
271 207
320 284
334 269
323 40
158 393
96 343
269 288
10 387
386 320
202 267
134 324
256 150
11 377
282 288
75 166
102 86
331 192
126 316
10 234
318 309
386 222
142 322
276 120
87 265
368 75
229 374
386 188
114 283
38 336
314 179
152 385
294 114
261 377
69 311
159 271
226 342
275 347
221 185
152 395
67 8
235 60
117 335
349 78
174 387
77 203
162 260
206 188
199 107
33 47
312 257
382 102
144 343
221 172
148 216
291 214
34 321
104 198
135 342
128 130
149 185
19 317
15 296
112 246
163 36
96 307
269 196
73 46
22 45
38 2
292 4
201 248
38 260
220 267
67 36
85 41
120 238
320 335
17 262
274 79
148 364
372 24
54 154
380 180
8 213
189 23
357 260
34 360
195 394
48 156
16 276
301 196
380 207
170 277
232 51
173 276
17 79
144 154
241 246
285 347
69 47
371 127
183 104
294 60
217 278
123 124
225 263
175 198
386 56
112 51
104 288
274 264
97 13
43 8
102 82
135 186
183 24
379 348
9 283
109 103
268 219
131 105
391 283
142 60
37 310
316 146
265 236
285 384
353 145
223 152
176 361
382 97
173 397
208 370
208 216
59 240
308 393
250 316
87 302
157 254
352 304
189 190
72 288
142 207
96 55
25 255
220 350
318 187
76 387
205 154
268 207
224 44
141 200
247 278
363 298
84 45
360 198
212 99
181 363
327 365
38 72
319 44
258 21
372 328
5 284
207 336
40 311
179 238
323 106
361 57
144 345
61 29
388 395
398 129
50 277
326 385
194 310
371 30
224 282
152 222
354 2
18 46
105 385
239 23
242 222
194 364
0 107
49 137
183 287
143 174
17 185
140 270
331 5
103 385
274 303
192 13
91 57
3 244
153 196
62 188
359 41
289 75
302 60
20 70
3 299
326 63
281 134
142 255
138 4
245 162
149 70
250 57
376 35
20 241
128 382
174 208
256 233
30 198
324 101
50 372
19 321
50 103
372 123
225 292
128 364
295 303
121 1
20 15
282 397
116 130
115 180
313 186
202 214
77 83
333 234
366 230
128 193
128 41
113 150
212 236
67 278
11 262
359 287
77 57
333 74
330 14
135 236
326 302
285 370
232 120
195 86
258 202
91 277
54 230
80 293
273 342
232 373
65 216
276 2
160 151
297 13
276 27
250 187
264 265
164 375
202 270
200 75
125 12
338 236
331 267
109 248
367 377
205 8
301 106
269 259
228 259
160 318
173 309
175 47
270 188
211 106
242 66
97 238
330 342
266 122
343 282
247 256
42 259
205 219
76 308
144 175
43 238
48 129
224 206
92 118
95 290
140 246
376 93
177 102
45 374
337 210
85 297
249 52
23 86
366 338
16 370
173 17
340 348
313 82
291 130
141 21
223 297
224 222
142 294
368 396
232 78
234 244
99 315
100 196
200 284
65 284
227 41
100 71
268 276
268 101
312 172
85 350
6 260
218 273
143 230
69 300
361 367
135 358
87 321
241 100
175 322
113 299
18 385
258 49
153 165
69 342
37 313
304 328
54 134
323 198
258 324
49 185
115 238
369 1
48 209
264 358
6 2
386 245
163 221
345 358
143 301
269 395
266 295
92 146
366 204
121 63
48 301
20 345
329 238
326 169
10 29
212 71
69 375
383 245
226 64
64 290
170 321
206 375
50 263
178 107
221 124
289 389
241 40
116 248
361 95
282 238
87 277
127 251
76 389
148 278
271 172
359 209
62 78
96 72
152 230
74 52
7 385
229 89
195 156
48 320
0 56
344 35
352 278
264 162
167 86
117 207
116 46
297 106
254 44
87 259
337 374
7 315
87 355
162 394
273 299
28 130
163 104
148 395
361 122
6 370
280 185
79 24
16 345
125 74
304 102
229 56
338 101
117 36
155 347
253 357
352 253
281 190
0 240
141 39
30 322
96 236
354 68
164 357
149 378
180 335
176 292
15 102
158 91
177 171
291 244
282 299
243 363
109 294
134 244
77 133
131 44
379 290
312 209
18 148
20 11
179 56
211 273
96 384
173 365
70 2
199 379
275 251
264 254
190 51
314 239
84 291
368 298
208 237
353 35
20 27
391 321
58 146
139 308
77 305
19 288
142 346
176 145
271 233
297 71
340 296
69 15
126 269
153 51
195 45
269 60
74 296
217 190
131 339
252 324
110 129
144 288
273 101
11 83
386 285
116 171
174 303
271 190
138 374
173 102
189 136
31 193
369 146
228 83
319 245
197 241
164 290
15 305
334 322
202 65
54 325
202 44
255 155
140 233
189 8
208 336
140 166
94 127
53 139
168 216
367 90
258 23
131 6
228 15
96 8
398 283
163 111
391 1
227 72
233 60
263 83
43 303
349 106
117 238
201 57
376 356
316 82
76 213
63 394
274 114
323 240
243 342
22 394
178 313
167 63
228 346
32 209
363 315
126 21
131 381
261 222
77 365
326 324
225 275
302 246
154 283
195 205
125 219
257 56
170 336
226 358
371 399
380 292
202 95
355 129
96 185
224 322
132 166
41 57
33 51
275 13
148 106
94 357
48 148
235 335
220 47
144 382
177 329
368 79
384 13
176 136
305 347
319 393
248 311
310 36
177 370
53 117
177 46
248 348
73 13
182 82
77 61
273 14
153 175
261 374
379 395
116 15
92 198
167 262
7 273
42 40
281 127
319 256
77 39
143 156
289 192
398 95
115 387
155 89
223 387
323 86
39 338
128 398
200 208
184 385
312 348
147 88
376 310
42 165
149 175
334 236
339 399
261 190
367 56
7 399
202 317
257 346
35 321
202 395
326 365
268 288
164 35
115 336
368 14
173 62
199 86
256 88
339 106
102 237
167 303
131 67
349 264
228 200
302 137
42 150
376 191
359 253
254 213
139 394
18 27
271 2
234 296
255 145
258 259
173 231
135 214
127 311
243 154
364 13
267 166
359 262
87 255
228 364
17 124
271 72
163 302
145 370
362 193
37 104
372 83
201 301
70 216
62 209
18 305
319 154
304 90
140 89
38 378
319 88
46 56
224 207
174 399
21 219
131 185
292 393
217 338
314 348
93 44
115 28
329 90
189 11
349 385
324 335
304 82
69 239
234 172
212 2
218 36
25 320
50 186
75 385
280 265
359 210
50 66
163 256
160 90
70 330
247 33
352 8
199 68
85 378
48 137
211 24
139 44
32 374
312 187
318 347
147 13
382 290
195 23
218 139
268 253
116 317
247 279
341 172
141 236
160 148
252 200
170 209
117 101
164 379
179 89
8 287
365 300
50 61
292 5
74 204
121 207
383 385
109 123
363 106
169 111
292 321
40 381
275 230
265 86
147 276
330 288
99 89
164 384
133 82
225 283
77 357
289 179
217 328
285 254
159 304
224 290
281 371
179 68
134 309
306 300
25 214
252 165
281 165
174 171
140 156
203 246
69 204
20 297
163 367
127 29
152 257
38 309
31 358
113 118
25 154
281 211
123 86
149 106
224 55
398 56
176 387
31 161
34 146
268 277
0 336
17 120
344 124
105 190
132 259
261 39
345 35
0 216
120 307
164 347
176 39
241 28
8 24
225 205
331 230
220 389
376 59
127 396
234 364
359 1
351 246
16 291
17 75
261 68
53 194
110 172
25 370
253 364
50 182
70 277
53 175
176 172
261 238
206 332
369 198
135 148
138 58
77 171
42 101
253 244
243 89
35 290
100 335
132 358
200 185
177 358
41 288
226 238
217 14
179 283
114 14
183 392
291 330
313 236
38 363
379 342
16 161
118 47
232 203
64 219
7 6
349 24
113 137
229 300
199 124
7 236
297 155
88 185
104 308
78 321
349 293
178 214
274 291
32 75
259 13
43 88
363 336
67 384
142 311
191 61
105 213
48 71
16 219
26 361
343 393
67 305
328 137
107 277
351 206
178 185
333 304
197 310
258 290
306 5
364 342
177 324
223 379
391 60
382 397
350 68
158 35
276 299
92 114
163 389
295 364
383 22
85 233
360 373
3 283
201 287
190 342
98 24
249 55
191 193
176 130
87 169
50 346
63 186
212 83
72 298
133 307
276 175
9 307
226 188
333 108
112 273
217 136
177 313
115 357
46 307
38 52
265 185
398 279
62 370
315 214
378 185
375 377
266 367
42 44
151 120
7 216
240 394
99 354
317 293
33 165
3 269
81 83
215 356
382 145
160 23
104 190
389 129
176 263
164 280
199 307
7 186
194 30
31 196
81 108
99 21
10 397
240 325
271 24
131 308
42 27
261 229
304 322
15 210
0 296
266 354
306 324
15 265
202 385
183 335
194 354
391 363
176 185
364 86
201 205
259 24
132 328
194 166
376 74
19 387
135 72
360 2
220 150
371 216
390 45
145 146
164 275
23 137
134 310
34 365
382 233
38 381
233 122
239 277
27 82
194 287
285 213
158 337
344 174
23 244
141 287
339 389
18 210
349 399
331 244
195 244
20 271
135 384
10 90
327 220
353 83
391 214
252 107
245 325
344 244
3 324
352 205
183 298
42 206
94 47
136 65
144 152
308 236
252 255
76 353
225 214
365 95
245 384
329 335
116 191
53 398
70 82
189 89
53 273
179 230
20 39
28 238
59 95
76 171
16 244
98 305
153 345
73 363
54 240
22 322
250 222
359 375
306 320
17 208
66 185
225 57
160 310
139 5
116 117
302 262
142 276
135 350
17 97
256 316
113 35
98 171
113 219
8 348
368 315
173 324
100 373
145 198
295 114
202 97
55 237
0 284
177 145
128 6
81 244
233 47
354 47
252 32
245 287
272 348
344 377
73 175
1 2
195 47
340 367
206 114
292 324
263 124
87 119
281 172
345 168
289 41
359 264
201 318
360 321
178 315
150 325
33 328
49 2
62 347
37 9
112 324
0 89
254 251
201 230
5 60
80 336
22 90
34 367
326 210
22 214
392 354
42 236
105 375
344 296
229 146
53 45
363 356
160 205
203 342
16 377
96 324
35 236
22 208
258 150
280 246
376 240
4 2
295 23
136 214
304 246
88 377
115 256
308 303
278 283
366 174
250 45
263 360
386 99
100 347
333 47
131 133
159 103
43 204
189 384
351 393
96 237
159 130
189 241
223 95
94 296
224 43
228 299
115 257
317 90
99 204
315 2
280 236
123 374
339 219
96 39
102 251
34 308
366 6
241 91
105 1
170 101
49 293
147 118
376 30
0 381
363 172
170 236
112 86
23 374
7 330
392 171
54 209
141 66
16 75
233 56
366 394
121 275
177 106
261 246
252 185
113 371
263 172
176 75
127 24
150 122
268 107
73 270
113 51
85 51
6 300
220 79
345 293
109 231
3 302
70 244
15 28
110 336
153 256
143 251
131 365
62 358
297 305
386 284
232 55
76 21
19 287
54 264
229 298
227 219
366 255
183 205
351 204
65 122
42 399
391 97
249 70
267 108
193 204
326 307
1 307
249 57
181 45
323 388
53 298
155 209
73 348
289 298
359 191
157 137
40 204
234 357
176 273
50 323
340 324
178 312
174 2
398 5
144 339
74 283
318 260
355 311
272 375
386 97
201 138
316 47
182 317
38 262
144 193
183 14
176 285
289 114
39 322
152 288
230 283
199 129
9 95
371 336
316 238
176 381
200 370
392 146
5 336
218 264
34 114
81 354
206 374
189 299
269 216
372 129
361 41
376 129
34 45
133 23
241 288
194 303
344 316
206 342
382 12
268 157
144 202
250 132
104 13
253 260
390 155
247 251
138 137
164 219
259 47
159 43
205 387
131 168
179 370
93 124
366 95
289 211
176 301
294 166
249 71
291 385
306 152
359 336
67 118
281 111
380 168
343 324
162 12
80 335
26 61
156 185
235 239
286 64
67 111
39 95
359 298
31 336
239 78
72 83
272 248
177 15
351 230
109 55
368 210
149 120
180 237
249 264
135 165
264 296
286 372
141 145
98 129
350 300
50 108
43 342
305 287
125 129
217 167
113 330
181 185
25 262
85 214
179 145
218 251
302 278
292 300
302 27
10 237
267 332
263 110
345 307
232 104
359 238
249 354
324 172
158 371
291 375
255 373
330 51
205 354
334 260
64 129
218 52
363 185
354 129
327 170
224 328
93 119
18 255
267 219
363 171
37 297
20 139
289 294
98 60
19 91
165 198
350 108
160 1
177 75
78 188
16 78
245 389
7 348
199 97
15 123
152 21
249 343
384 377
331 282
167 185
199 382
61 82
286 396
224 332
141 381
73 357
344 263
59 187
126 45
157 288
245 28
368 271
199 259
115 381
164 47
391 367
25 180
243 299
115 169
241 308
353 251
243 397
268 193
7 342
80 190
267 251
157 348
191 169
3 52
141 363
93 356
3 285
19 97
387 213
45 309
126 388
125 120
271 393
274 171
315 396
140 343
180 277
152 14
88 106
32 137
38 65
205 172
223 260
228 253
242 341
205 204
227 315
38 108
80 348
328 106
126 267
376 79
113 237
366 398
141 136
254 287
32 240
203 56
202 89
245 180
225 171
248 377
384 395
37 238
286 345
84 307
139 270
371 123
189 388
265 284
62 335
113 192
151 273
199 151
391 305
334 328
92 132
366 175
115 370
173 6
156 299
43 320
343 172
362 32
151 129
232 346
92 275
249 58
53 198
197 33
50 355
281 367
61 279
87 44
281 79
32 71
76 179
341 171
165 122
274 379
93 71
160 157
329 122
243 325
163 117
173 213
235 364
164 64
159 200
159 49
165 90
314 5
352 382
386 229
66 307
254 307
102 13
378 150
154 60
331 280
182 305
3 62
383 23
16 387
306 62
344 373
177 192
340 169
69 307
66 399
73 384
352 325
327 97
382 71
158 211
242 28
355 246
113 263
87 311
235 15
131 255
153 22
212 64
136 283
176 86
72 198
327 219
164 287
327 86
46 385
344 138
9 154
323 370
230 2
28 52
120 283
289 364
398 41
50 269
183 321
230 71
304 385
272 287
218 32
200 55
149 254
195 255
77 12
302 100
319 0
159 138
77 284
266 168
28 348
270 370
391 374
201 129
259 290
392 213
46 4
324 24
167 49
262 2
154 36
274 371
333 123
109 60
143 332
194 236
77 190
339 64
9 169
148 347
356 171
289 248
157 307
211 347
115 168
391 152
256 114
232 191
149 234
11 316
15 277
191 130
79 166
304 30
205 216
17 168
296 332
81 262
53 206
135 157
268 374
230 287
261 130
301 44
362 204
35 44
215 186
113 196
363 348
115 15
21 129
140 256
242 79
136 137
378 244
334 299
206 305
218 203
200 219
25 216
339 260
391 148
140 151
18 187
194 154
326 360
345 287
250 107
87 17
384 86
334 283
131 378
88 172
164 341
212 293
148 129
148 287
304 210
10 292
371 381
80 165
157 377
148 88
55 171
241 399
125 236
363 208
212 14
302 309
33 231
245 35
50 267
126 95
139 145
125 305
275 150
94 339
202 336
141 389
58 347
200 399
323 322
175 89
340 294
21 108
205 377
200 251
59 119
200 303
310 204
43 193
276 192
156 308
203 335
189 323
163 377
202 47
54 294
313 317
371 358
181 104
160 278
31 347
234 203
7 288
177 236
145 335
314 229
18 371
25 392
365 35
256 318
368 237
85 301
389 303
345 65
23 279
144 17
153 74
38 58
4 47
140 353
69 193
31 75
164 80
116 343
323 310
364 130
351 86
243 237
93 350
240 332
324 12
118 111
147 317
357 298
59 213
179 86
306 28
201 257
306 154
197 103
255 2
115 55
211 214
93 12
156 288
136 265
239 332
117 72
195 151
121 381
294 320
162 298
113 186
249 211
326 28
133 63
340 373
126 245
368 60
33 108
132 190
39 145
158 204
367 277
334 146
143 62
344 156
242 186
142 236
399 325
19 172
50 214
93 259
58 288
18 239
87 9
359 45
364 381
42 57
174 118
38 203
201 353
266 275
296 288
96 43
247 97
96 345
291 246
228 104
382 124
306 112
224 384
37 282
270 44
383 68
291 203
203 395
292 63
59 284
142 210
345 350
170 260
31 239
74 36
234 399
294 119
177 65
243 5
199 179
34 388
168 13
142 389
117 397
64 106
191 118
351 282
281 259
326 295
263 58
225 129
328 82
383 267
94 343
138 180
34 82
199 233
306 196
74 155
359 309
271 311
126 102
230 373
32 282
143 290
376 280
248 124
77 246
16 256
167 23
289 101
178 78
258 297
43 379
239 106
110 186
182 165
382 388
144 206
230 347
113 8
363 170
225 241
359 364
201 13
128 367
389 260
153 339
11 187
81 27
0 389
200 332
267 57
247 124
147 6
383 299
11 161
41 385
151 106
195 5
271 61
96 214
386 145
353 41
1 124
30 216
121 175
223 389
359 27
163 119
323 123
281 322
149 67
80 251
70 52
253 102
365 47
85 288
87 375
25 269
326 233
99 145
180 307
387 187
115 117
37 338
372 290
120 231
131 194
363 186
312 219
117 154
274 62
361 91
7 39
201 387
184 43
189 148
149 279
274 154
391 322
116 214
376 49
174 186
254 397
243 43
391 185
344 68
191 336
264 165
243 395
19 78
234 229
117 367
184 33
34 33
242 62
10 290
275 123
31 396
85 396
380 103
351 270
25 102
218 40
324 71
319 111
176 122
337 118
217 209
113 120
390 296
255 5
242 345
249 300
50 330
96 130
256 396
275 216
184 127
195 59
220 397
85 213
294 394
16 165
352 226
48 360
280 137
349 104
228 296
18 79
383 30
153 170
304 175
159 5
133 399
211 51
356 298
195 66
117 279
350 347
269 2
59 357
378 23
349 267
208 219
9 336
74 311
79 377
384 322
247 313
235 275
142 106
163 220
227 273
117 60
87 32
200 175
201 302
66 52
121 0
76 345
62 265
256 262
340 15
343 330
197 230
0 111
352 134
132 169
232 213
390 293
164 277
386 273
173 33
202 23
245 379
153 39
318 288
227 155
222 370
261 264
45 68
369 12
363 97
128 312
38 27
139 72
97 108
181 156
69 353
50 253
398 24
189 156
208 188
349 145
38 104
280 124
42 191
312 236
141 296
177 318
78 299
55 374
164 374
232 68
19 265
228 315
253 122
217 237
253 56
81 254
254 214
35 51
235 83
33 270
164 196
202 350
313 79
183 60
110 300
6 307
149 259
45 385
224 17
25 167
15 322
217 162
112 72
67 208
97 111
314 292
79 161
105 129
112 56
304 196
149 101
41 381
343 207
147 378
206 324
235 244
267 187
227 207
121 294
54 251
313 28
38 23
27 204
317 284
176 24
136 2
178 302
359 365
212 161
139 208
139 188
234 381
194 130
286 138
76 138
215 180
344 361
306 170
50 264
359 5
274 285
398 192
367 213
384 137
104 396
107 106
184 152
218 61
205 36
141 130
104 100
243 40
176 46
94 241
334 95
162 293
158 280
69 338
178 280
96 95
138 229
105 219
153 393
87 213
33 56
173 91
313 342
28 29
368 313
382 358
296 309
218 63
217 277
280 130
134 51
221 47
326 170
281 396
235 61
96 240
297 287
53 259
392 231
115 260
1 172
206 300
261 278
175 395
142 200
157 29
76 43
25 239
49 374
40 89
182 24
176 49
304 83
22 58
142 345
264 192
376 396
232 156
250 256
59 375
140 260
175 238
252 330
128 209
127 137
250 239
286 210
331 22
339 350
134 75
256 155
241 45
349 285
145 287
16 21
399 395
249 382
359 229
292 288
78 171
382 374
73 112
271 364
383 346
20 208
69 297
37 287
200 257
259 348
19 108
177 392
215 379
225 316
273 186
223 75
359 12
138 207
39 299
257 24
225 255
22 127
399 377
304 336
363 162
177 283
356 13
98 14
84 157
116 296
212 133
141 41
77 398
98 52
112 399
364 370
165 47
0 251
70 236
91 303
177 99
365 24
0 55
181 47
383 46
64 216
34 171
53 133
264 246
195 14
49 172
363 88
170 89
247 233
263 21
96 99
383 104
76 365
142 270
18 55
70 118
371 207
205 318
268 13
301 346
386 355
234 71
179 51
37 162
233 24
310 332
169 321
331 188
264 21
34 52
215 65
21 237
42 303
142 375
391 27
330 36
3 90
35 106
312 119
143 237
199 231
155 196
248 214
7 271
42 210
167 310
280 354
39 229
113 389
143 399
232 146
258 279
330 260
286 270
117 186
48 99
66 375
116 60
92 12
256 222
247 265
372 35
150 71
182 374
140 187
205 75
248 198
84 23
312 137
92 397
368 394
85 300
312 1
265 288
140 213
247 98
69 117
31 30
140 267
302 102
50 72
328 397
132 49
38 251
6 29
258 305
147 395
149 200
5 370
3 204
74 114
275 180
15 233
372 278
206 296
326 292
256 364
70 36
15 130
99 166
312 385
22 307
334 51
241 161
297 222
11 170
5 171
21 231
120 244
310 111
218 70
376 241
391 40
330 325
19 186
247 295
134 103
126 205
105 51
173 29
76 100
67 341
313 188
163 166
340 198
87 129
99 336
139 154
306 33
31 353
257 89
32 154
132 279
148 13
291 162
261 372
249 364
93 330
313 47
35 216
115 253
39 254
64 393
276 168
324 348
339 360
369 297
156 154
144 170
149 348
31 49
132 145
253 288
399 321
183 202
115 384
308 332
227 137
274 302
315 321
340 317
368 371
366 389
37 27
145 299
371 204
210 238
78 284
115 273
66 270
391 343
16 360
50 392
118 82
333 397
54 229
331 248
109 66
126 133
77 98
271 342
227 79
362 398
179 40
380 46
81 100
274 339
40 12
248 396
165 381
42 112
37 300
15 106
76 86
220 204
382 21
337 385
143 220
16 312
70 283
355 36
92 49
72 370
157 58
294 251
201 350
345 214
0 356
199 358
64 186
212 221
215 219
131 89
383 372
63 288
380 273
66 90
203 2
117 287
323 301
368 392
155 238
319 4
278 36
96 124
17 385
294 41
344 194
343 71
234 103
70 374
167 106
223 283
18 303
266 240
34 251
87 190
162 381
125 134
359 350
43 190
340 230
315 172
220 254
194 377
191 213
116 62
48 290
163 265
261 254
344 11
227 379
380 52
225 267
98 282
378 338
99 103
215 154
230 309
252 298
59 154
369 100
17 196
261 241
386 271
217 58
88 394
128 378
88 82
382 204
76 95
361 120
112 350
173 348
319 293
266 127
73 287
282 83
380 101
356 322
304 237
384 335
326 35
184 388
320 244
245 86
240 397
280 119
150 137
266 377
84 64
149 190
351 220
8 298
297 4
109 182
153 371
147 303
215 365
190 251
84 46
153 75
58 82
128 295
324 288
380 28
264 260
135 320
247 70
31 41
306 13
313 137
193 346
292 166
292 172
20 310
306 15
310 129
235 316
167 355
42 114
84 239
197 297
263 332
372 82
139 28
121 297
271 221
301 373
263 336
313 185
399 299
285 236
218 343
143 214
365 347
141 364
323 300
177 111
324 299
323 251
331 162
259 307
87 365
189 210
327 210
294 356
313 244
113 279
103 374
174 230
140 29
109 304
91 204
58 374
280 210
398 354
212 279
337 208
247 119
324 370
317 347
177 104
43 119
33 237
3 214
263 35
349 138
159 165
247 241
270 186
352 64
134 385
205 346
267 395
157 51
153 124
183 370
328 309
259 101
136 155
215 41
132 108
361 24
258 358
366 294
140 0
147 133
181 298
323 103
69 260
0 165
339 8
308 29
390 394
141 269
19 292
305 146
63 60
389 36
173 300
54 167
174 229
313 238
77 290
378 230
212 282
105 283
240 219
53 213
382 110
327 13
197 292
241 395
212 90
366 382
392 238
306 111
173 273
199 103
133 72
177 393
330 186
339 209
225 295
94 33
19 216
292 278
147 312
195 4
234 208
264 119
319 47
6 298
364 231
223 138
272 91
87 221
268 323
252 2
67 267
19 157
173 51
223 298
268 98
37 139
9 287
235 93
183 57
242 194
142 168
255 137
164 353
247 118
135 220
286 304
333 398
141 190
235 337
149 119
147 119
180 213
327 251
281 267
274 392
320 57
176 379
31 227
128 277
239 71
58 122
267 146
375 244
72 335
353 64
17 192
339 4
144 360
387 288
120 171
343 283
9 208
118 68
48 255
22 185
228 321
339 341
286 88
276 238
217 355
351 371
141 299
40 146
87 63
382 347
362 322
99 237
73 262
18 0
329 101
191 55
317 187
20 8
142 385
94 120
239 336
121 256
76 75
77 62
133 377
148 389
366 379
208 293
140 44
312 251
176 318
189 356
33 251
38 74
38 21
109 288
314 271
276 381
144 211
189 290
20 227
334 165
182 190
367 161
310 348
223 303
181 278
323 91
205 145
359 2
387 381
139 103
192 137
392 23
228 353
6 52
18 240
234 108
383 130
142 133
390 284
78 13
338 130
323 122
383 219
327 124
54 370
0 63
360 346
19 304
62 354
103 293
344 308
291 1
351 301
201 308
131 322
201 348
180 373
49 216
271 122
398 267
20 152
258 120
234 100
180 161
227 367
69 259
139 254
361 204
380 220
212 392
92 230
392 108
258 1
333 324
337 78
152 5
390 137
116 165
3 206
136 4
131 238
304 171
226 30
337 108
180 198
77 299
386 120
151 315
134 240
88 237
39 108
369 397
271 357
144 370
50 211
345 209
67 248
386 174
378 55
215 134
379 300
118 166
62 71
135 363
65 111
285 52
69 315
249 180
371 219
261 375
291 29
151 146
17 298
48 229
30 90
191 370
159 205
362 23
197 151
73 276
9 370
353 393
218 118
177 193
369 255
66 374
391 377
353 303
263 316
383 118
81 260
222 219
138 172
313 367
105 114
154 108
242 282
266 133
158 110
239 335
243 374
274 0
294 248
125 22
162 60
26 161
20 355
73 168
94 310
252 354
272 35
242 394
390 91
55 57
43 298
390 339
17 188
177 310
92 354
140 79
149 174
42 347
372 244
352 277
312 190
58 335
31 172
201 8
398 107
48 316
156 90
345 357
62 41
331 260
158 112
343 75
210 101
31 313
249 27
365 165
132 300
241 316
38 0
228 93
331 124
78 161
9 145
189 194
135 339
369 24
326 196
199 171
69 328
331 240
266 167
206 303
232 58
266 111
38 136
239 229
280 79
391 339
355 277
102 231
88 216
191 396
339 358
349 335
306 190
49 394
378 120
107 370
147 248
140 70
173 139
369 17
132 114
125 130
291 282
243 388
327 357
326 157
263 88
258 6
182 299
242 226
85 291
273 44
319 49
344 196
306 389
92 393
138 129
263 127
286 278
378 222
296 370
25 382
112 145
67 171
247 146
74 161
147 14
80 213
174 204
149 79
245 290
153 194
163 22
144 180
74 102
96 0
0 237
76 56
399 284
331 342
179 106
329 299
306 206
217 139
286 52
289 301
326 287
121 119
125 190
389 348
266 305
88 68
314 296
221 122
228 361
344 187
141 292
177 337
206 12
5 322
18 365
64 101
382 399
38 311
31 78
291 325
46 36
87 8
27 214
27 395
159 302
294 278
16 83
97 166
138 130
289 374
141 211
358 290
212 132
339 14
352 74
327 24
69 145
96 308
26 394
148 51
144 283
20 66
143 313
234 198
228 17
136 299
183 81
5 237
59 47
312 374
227 21
85 244
30 36
253 308
380 174
242 279
160 279
281 170
18 377
80 120
148 321
340 272
53 174
210 204
261 161
87 318
123 12
339 186
266 36
85 317
200 137
149 172
297 254
326 120
350 251
319 398
20 298
38 78
227 293
250 171
289 13
84 58
359 280
278 370
343 107
88 89
399 394
62 283
350 290
113 379
278 284
276 47
105 254
319 251
319 27
0 254
134 6
49 288
313 301
333 88
139 310
378 127
249 205
218 278
178 361
135 238
312 322
191 101
167 254
281 348
23 108
59 57
274 341
353 6
383 64
87 238
178 234
140 107
344 200
242 91
226 58
121 57
256 329
25 134
210 214
254 300
228 221
195 130
376 120
275 318
326 285
162 44
368 211
160 277
195 338
143 170
245 310
207 2
16 62
201 262
372 262
69 196
391 278
359 288
33 29
154 346
334 354
239 311
93 114
302 389
318 394
181 81
128 187
73 64
114 332
179 12
128 290
46 120
215 276
372 162
38 270
302 367
92 57
26 105
356 209
18 381
17 251
93 367
383 32
242 272
25 36
218 67
274 238
286 312
218 381
245 52
3 137
59 8
18 280
239 186
261 110
379 36
53 370
43 350
391 335
281 271
72 122
282 185
33 381
109 45
142 23
250 203
148 78
64 394
178 256
327 35
191 97
304 254
252 104
54 277
120 332
181 387
289 379
349 270
92 332
386 364
368 365
269 389
42 353
182 63
220 222
250 332
289 219
362 399
143 372
386 396
138 305
195 52
327 241
115 308
10 342
257 348
77 139
109 245
383 114
178 166
256 240
297 385
263 229
340 123
173 233
326 81
320 166
211 4
167 108
139 185
197 194
327 202
65 213
189 321
333 114
274 23
81 130
190 322
164 267
76 208
224 377
340 0
153 166
302 190
207 57
221 309
35 237
344 222
181 322
141 325
227 83
38 1
359 156
256 342
55 101
211 389
46 279
80 341
383 136
262 277
235 313
182 123
76 283
339 175
232 284
355 236
282 244
94 35
173 23
67 2
331 65
73 300
179 72
112 393
156 311
217 297
177 89
272 119
121 44
302 358
94 203
242 316
233 166
207 146
73 132
331 99
383 214
18 358
200 161
85 284
217 381
21 186
162 300
158 339
67 172
220 127
220 310
8 336
343 293
32 72
319 180
87 330
53 103
361 270
228 278
281 227
392 51
333 64
33 222
7 285
291 145
74 65
281 288
6 187
269 260
170 348
5 385
37 382
323 108
295 60
362 134
243 244
125 272
98 347
359 320
4 385
367 348
326 348
200 273
318 196
126 233
32 251
157 5
304 146
49 187
84 269
117 377
141 46
195 387
376 338
76 186
302 213
54 0
206 86
53 114
235 204
264 259
112 356
352 118
92 221
247 387
333 40
218 291
291 284
250 95
207 238
291 188
55 287
98 168
184 110
136 83
157 305
120 236
7 229
357 204
77 371
182 129
50 207
62 4
234 358
263 186
142 75
255 166
50 191
178 89
116 78
281 284
59 322
220 75
21 106
3 341
176 102
76 98
304 2
201 245
22 325
202 90
163 382
268 282
197 335
103 29
160 245
150 51
345 14
349 237
96 40
54 253
223 209
133 52
55 311
162 106
275 58
39 296
16 396
326 40
376 278
380 95
98 124
178 150
390 299
156 30
189 237
115 52
76 297
286 119
173 374
249 381
371 169
268 46
126 399
266 89
147 299
398 347
147 356
152 301
55 13
388 137
33 111
312 129
218 33
267 370
42 356
334 303
344 209
150 381
93 320
363 385
282 44
145 106
174 293
242 162
20 119
181 70
38 294
105 298
15 216
84 229
247 161
197 213
152 381
49 47
340 134
319 350
392 293
115 192
398 86
249 316
252 35
94 303
43 310
160 299
16 166
291 213
227 146
55 44
153 283
379 57
382 394
331 60
292 82
383 169
33 120
18 72
275 267
261 291
339 324
69 292
317 322
255 332
157 262
22 384
40 237
363 254
126 49
134 5
174 214
33 118
128 220
25 328
199 93
225 248
333 360
6 335
217 70
173 30
271 350
32 348
94 124
334 277
94 336
211 1
45 111
295 30
313 150
31 265
73 230
87 191
178 41
40 298
104 145
144 41
340 265
8 216
149 290
153 27
275 97
94 78
211 324
54 357
121 291
217 80
223 119
77 332
98 321
362 251
147 179
94 282
35 82
131 357
328 83
205 299
345 318
156 100
84 246
67 23
286 262
200 203
343 335
286 9
379 51
139 108
30 213
126 46
266 265
271 196
93 86
267 385
64 321
271 13
315 90
261 29
383 206
156 394
174 283
194 88
262 124
249 40
232 165
242 156
390 44
65 137
183 253
126 279
245 260
121 296
9 355
182 193
368 291
96 385
249 330
249 39
69 216
62 293
195 63
159 122
93 166
128 234
352 32
339 310
3 357
221 119
133 30
181 371
183 180
252 22
289 187
59 1
202 301
201 72
19 229
61 12
272 89
149 89
330 119
168 236
392 64
132 301
383 302
92 370
224 14
240 57
286 122
360 303
376 78
99 300
295 309
20 82
20 246
362 4
317 385
72 231
361 393
205 298
319 65
315 166
77 211
62 137
331 399
42 373
179 207
241 150
359 356
169 373
211 373
212 308
383 155
62 161
388 83
177 336
388 57
327 169
173 103
176 166
265 279
312 267
268 32
345 24
158 356
59 41
399 238
184 44
128 273
261 279
242 387
142 43
142 67
361 88
194 171
131 360
271 230
32 288
195 75
211 82
343 86
203 377
3 124
371 229
199 328
143 105
155 56
50 303
280 399
140 317
84 138
380 254
70 278
158 302
386 68
15 356
138 221
324 244
151 355
76 358
222 373
220 347
45 83
268 342
22 358
359 290
0 219
320 161
304 338
205 110
173 5
344 17
376 395
195 297
362 80
368 245
180 83
126 330
203 47
349 329
115 129
195 1
337 231
315 122
105 328
363 238
388 166
121 78
105 168
150 172
289 384
226 51
109 64
94 251
85 103
245 30
6 293
85 321
289 226
59 56
84 154
235 222
3 294
46 198
337 328
232 325
142 393
96 259
123 146
22 209
308 24
53 12
140 337
169 90
362 238
383 295
50 374
281 80
199 209
334 335
344 193
139 342
9 373
357 307
249 309
131 361
181 1
215 13
383 95
139 318
73 186
226 97
294 338
194 389
247 320
31 117
228 98
351 241
3 280
272 324
10 148
123 122
181 246
354 237
96 226
224 100
16 191
162 129
153 290
218 342
261 354
253 146
205 169
261 244
94 58
387 108
359 118
362 239
247 343
96 295
314 175
87 219
239 303
199 399
225 307
26 112
59 114
113 264
153 118
31 47
326 33
206 58
223 35
349 238
26 98
390 210
151 388
224 337
362 295
258 335
352 395
226 320
31 364
96 332
125 341
16 301
140 207
232 332
289 343
313 56
21 246
147 192
50 102
177 13
19 122
274 219
242 47
104 318
262 119
353 309
125 290
392 6
39 49
314 290
175 279
92 379
50 110
115 275
102 283
323 231
391 124
104 107
50 65
153 21
195 170
331 45
133 300
54 236
49 171
224 95
142 185
384 260
173 60
215 82
178 272
292 40
66 216
217 154
281 293
169 71
252 161
159 320
306 162
126 278
0 384
114 260
34 244
76 282
275 196
359 148
20 105
141 91
33 161
368 49
217 231
109 67
154 14
391 208
76 71
142 396
64 51
10 280
390 203
386 127
123 236
334 329
286 14
387 146
104 21
180 187
301 119
140 257
40 171
149 324
149 392
94 188
314 364
247 5
145 395
383 263
269 79
189 229
139 399
163 190
94 130
63 231
183 152
164 5
202 165
257 244
69 24
319 307
363 270
297 180
256 370
215 28
386 234
158 21
340 210
195 384
312 317
217 397
41 101
264 8
184 172
314 244
268 132
239 278
19 30
126 180
3 15
280 332
21 311
230 24
331 61
163 46
54 111
398 21
345 240
160 397
38 157
181 318
382 265
165 348
31 81
313 24
272 210
109 132
131 372
272 130
389 300
10 138
177 302
192 238
245 172
140 43
132 293
378 287
148 40
107 187
55 346
258 311
376 95
39 377
131 341
234 165
223 79
211 8
39 82
113 119
360 186
245 322
205 118
273 385
220 317
331 338
352 146
138 236
253 342
278 300
67 162
269 296
227 216
80 103
390 377
11 282
45 196
96 21
369 139
386 382
96 166
149 203
349 154
317 186
34 354
363 13
331 254
168 204
191 60
105 196
43 299
54 12
69 360
206 100
291 65
206 49
77 311
285 29
356 346
343 185
46 282
242 364
266 337
391 169
357 209
351 311
48 118
362 279
330 394
181 216
11 100
174 354
334 93
125 291
352 29
143 276
193 381
118 293
48 345
212 338
23 393
383 100
234 214
212 295
99 324
181 192
275 210
163 175
398 298
99 321
328 36
302 1
151 1
42 122
33 58
154 260
142 382
200 89
133 318
151 65
7 379
274 86
235 100
149 322
362 231
363 196
85 112
156 52
378 238
139 335
286 230
128 119
225 63
380 156
50 299
331 388
229 260
263 207
392 24
26 154
5 288
178 257
76 202
285 238
215 360
43 97
105 23
35 231
61 238
349 255
149 107
70 354
141 32
182 384
345 97
289 299
65 12
275 56
105 290
164 97
194 384
41 204
132 130
18 101
126 285
4 377
189 72
386 304
141 180
73 66
358 307
87 398
18 33
247 112
223 191
0 309
337 377
183 39
53 284
366 257
340 305
74 78
143 222
291 185
142 309
142 100
333 335
203 83
242 119
241 248
240 209
38 226
289 51
356 119
367 185
361 389
26 397
144 36
76 118
320 303
175 231
352 174
354 260
390 279
352 358
109 198
115 58
91 213
235 300
366 22
183 196
195 90
142 287
75 303
319 353
76 238
258 209
121 273
22 254
356 373
25 172
37 341
225 65
37 108
331 300
326 372
368 12
253 370
235 231
121 56
21 348
330 83
110 198
365 373
275 127
87 379
55 111
10 56
295 103
210 36
398 203
312 213
170 57
59 300
48 298
142 66
4 13
376 0
334 127
35 284
372 374
142 187
218 111
313 278
312 154
173 171
50 255
331 245
169 130
138 360
128 79
76 39
380 97
160 198
41 277
349 102
289 44
104 265
147 298
250 370
334 182
173 297
363 307
258 360
0 335
222 44
153 52
126 104
10 354
194 381
103 161
225 32
183 86
319 356
58 303
256 127
153 343
327 361
117 124
382 373
245 68
252 51
80 137
199 175
212 1
99 169
42 2
257 122
25 256
372 49
345 150
365 6
31 191
217 196
144 282
93 254
138 328
8 12
143 256
5 24
115 190
139 231
379 24
285 262
276 364
390 337
191 338
206 357
202 127
252 70
26 133
380 238
243 337
91 279
167 210
286 187
181 90
267 374
128 44
149 44
252 226
366 101
353 370
280 95
20 33
221 198
17 214
352 59
116 259
149 157
206 328
118 60
167 246
128 172
153 127
7 194
368 28
147 213
87 91
85 23
361 12
254 14
195 196
148 6
148 192
333 214
37 83
304 265
197 259
18 119
134 257
190 231
121 188
371 198
131 244
206 88
159 136
8 111
142 107
77 108
334 133
230 101
364 335
77 170
7 329
318 111
334 136
105 296
167 196
295 395
212 325
217 308
264 237
99 14
247 360
339 6
247 151
150 283
157 387
399 83
141 100
349 297
7 65
121 80
215 208
243 291
199 22
372 89
361 72
375 236
356 300
50 60
148 325
201 389
206 103
131 273
272 207
149 9
62 318
205 180
201 290
273 82
176 373
243 350
54 79
113 43
80 277
34 200
167 1
84 238
356 129
308 246
369 203
282 137
275 301
193 172
344 101
115 82
46 88
368 74
55 396
345 172
173 107
292 231
223 71
353 210
76 379
114 13
268 114
178 1
135 395
376 72
157 106
181 132
191 56
383 124
0 394
376 246
35 309
126 83
316 335
360 288
296 311
285 318
361 387
70 4
337 238
339 373
38 66
272 198
17 56
141 78
362 284
100 348
139 397
252 275
42 308
369 343
42 272
9 14
221 52
67 79
53 277
31 337
306 341
31 237
174 270
224 374
390 222
202 346
179 47
35 397
181 100
18 188
306 237
266 166
221 385
10 12
353 103
7 387
53 108
148 97
3 169
0 40
67 308
306 57
3 70
334 91
286 255
310 346
320 394
143 32
398 273
366 49
343 90
266 360
304 370
15 168
291 209
376 148
142 343
135 15
66 233
312 375
202 354
351 52
9 358
66 210
132 309
202 180
170 108
285 300
226 219
286 194
339 97
226 279
245 175
59 282
46 30
351 58
125 329
95 373
177 375
278 381
184 52
380 51
233 216
133 219
143 357
256 65
157 236
341 36
327 193
305 82
75 52
389 236
261 237
365 154
344 277
153 338
316 322
272 316
363 180
152 45
34 375
176 322
211 278
235 192
26 300
295 375
160 257
232 9
22 44
66 68
147 381
223 175
261 348
371 244
223 30
252 375
135 100
72 303
178 283
362 152
11 330
274 194
37 263
379 171
88 325
269 168
50 13
3 318
0 209
365 236
391 237
368 39
94 311
53 104
42 377
241 171
202 61
70 107
340 301
79 90
243 353
179 303
222 188
195 65
19 117
340 311
144 321
42 74
286 277
69 257
76 11
202 283
352 387
368 303
227 360
366 0
200 318
131 318
77 278
266 231
152 1
206 146
113 17
345 82
158 296
306 239
8 347
292 385
37 196
242 133
97 106
131 21
144 64
331 146
266 13
3 398
50 373
315 385
201 375
314 282
228 88
375 129
391 110
80 375
252 318
104 36
34 63
81 185
280 240
207 44
169 29
223 384
167 393
4 119
313 119
66 377
249 278
247 133
351 145
359 358
371 75
151 318
9 348
329 236
23 336
343 259
369 220
355 370
224 150
235 338
243 118
351 239
247 244
109 111
5 14
261 233
76 397
227 1
54 13
58 171
384 130
286 5
199 134
94 275
324 325
203 214
383 152
183 110
205 381
39 219
241 71
200 190
266 51
157 108
217 155
345 377
116 378
379 166
173 14
153 365
133 328
31 299
142 5
112 171
197 193
18 39
189 275
157 396
207 86
256 101
390 253
184 58
361 36
191 89
269 375
337 387
135 81
250 27
242 155
85 192
197 338
78 219
99 367
274 263
334 290
1 231
179 161
110 325
135 145
344 57
126 227
174 6
149 17
368 169
275 300
339 309
20 397
323 6
163 110
349 162
31 114
41 279
43 41
34 393
276 13
229 238
333 104
149 294
390 133
100 395
291 373
334 295
112 300
74 377
139 123
362 294
301 348
65 397
16 151
136 279
294 230
366 151
205 114
184 358
43 180
285 168
87 339
353 342
10 139
333 270
316 216
255 107
315 381
105 119
97 129
241 24
167 358
224 198
112 317
37 152
65 335
345 322
270 346
269 45
18 112
384 188
142 98
222 89
240 89
333 8
241 155
324 377
215 303
234 282
351 283
177 355
239 270
312 284
197 379
46 305
357 119
363 108
3 393
387 119
59 12
197 83
134 47
304 49
15 13
73 45
46 358
295 377
351 259
243 231
296 214
158 194
398 320
94 348
323 219
314 397
53 22
143 114
140 88
91 90
254 299
333 321
368 80
250 309
85 222
276 52
343 270
143 304
367 335
113 328
189 329
163 114
74 214
248 137
368 187
345 216
268 102
230 284
199 105
69 2
268 309
392 75
181 13
154 29
109 395
224 124
80 83
125 152
121 240
228 91
368 293
135 309
20 185
217 295
281 255
252 378
125 220
73 161
243 17
42 207
48 393
235 57
234 196
70 395
343 180
274 165
242 297
58 89
46 377
228 318
142 329
239 88
115 226
312 192
278 325
274 100
358 332
5 373
80 166
125 23
42 260
138 338
276 150
194 350
151 63
91 394
113 139
174 40
143 269
218 348
5 342
224 335
147 364
38 213
252 0
254 322
351 1
271 238
326 328
326 221
349 191
46 155
275 119
243 103
142 155
256 213
212 378
195 313
242 310
388 277
257 237
281 156
160 317
153 300
275 90
41 24
73 310
160 71
250 138
281 393
9 388
227 240
314 83
199 296
256 110
333 52
34 41
174 119
78 307
313 248
183 267
18 74
296 108
308 322
266 72
362 105
368 221
369 308
181 162
112 257
151 335
201 341
247 275
304 278
173 313
378 248
250 395
344 287
351 394
110 68
212 169
253 68
37 345
387 251
292 296
16 375
41 397
272 385
222 2
150 89
227 5
115 265
116 36
158 239
96 320
109 80
257 395
160 355
389 213
135 98
390 364
0 49
212 379
126 346
150 2
368 83
151 222
69 240
250 211
85 358
368 57
176 353
297 114
105 358
37 210
286 375
151 208
145 82
189 172
76 78
352 88
378 130
22 36
133 277
368 233
115 213
306 114
241 187
31 43
223 226
149 167
104 238
169 171
170 381
255 336
250 47
3 165
37 103
3 361
165 29
20 99
195 227
272 273
197 32
31 335
353 244
320 122
352 392
201 394
81 193
383 89
376 83
69 105
112 150
26 93
211 150
121 93
163 105
30 370
316 231
349 312
3 86
160 375
140 354
197 216
99 2
338 396
42 15
116 347
245 122
115 9
227 296
159 260
334 41
344 271
63 166
22 12
226 317
334 259
382 82
197 108
399 166
308 385
269 35
258 222
375 395
329 322
121 64
7 122
48 288
66 188
48 114
134 49
158 308
250 341
383 273
73 139
280 146
3 297
165 101
190 47
343 322
258 102
275 350
55 12
19 394
249 103
180 186
93 172
173 136
126 293
207 60
183 373
256 321
261 88
116 63
18 68
76 157
50 117
152 100
193 300
26 89
212 309
323 124
258 280
297 329
80 324
339 52
138 350
11 396
257 60
241 120
391 90
8 161
152 89
164 182
329 108
365 279
368 206
158 182
294 282
261 57
149 355
363 56
326 145
17 330
91 307
81 207
163 101
38 44
63 303
42 335
133 231
243 45
20 347
363 101
328 122
289 378
280 55
87 236
31 357
141 205
94 284
148 29
320 287
128 392
220 393
39 27
326 187
139 155
268 234
310 198
39 170
49 196
226 373
197 375
158 137
147 370
159 174
382 47
264 346
306 276
218 295
241 230
46 100
271 379
139 287
308 397
211 288
66 356
31 206
80 231
291 154
215 21
84 345
201 299
163 13
140 132
157 301
269 155
143 70
205 57
286 111
11 332
37 234
3 282
312 58
212 95
376 320
25 397
37 288
286 363
63 251
190 111
383 15
5 56
105 192
184 283
154 231
135 233
289 169
384 347
340 100
250 241
87 229
383 320
241 129
386 108
94 136
54 330
139 64
263 107
329 300
147 254
201 295
261 35
223 318
271 251
266 44
91 89
221 186
181 260
143 299
66 58
156 2
337 394
136 119
360 236
264 214
173 57
114 321
387 36
77 374
229 209
334 399
313 146
53 136
183 30
148 168
242 32
92 80
266 190
80 111
0 101
178 298
135 254
159 397
62 13
312 118
235 66
366 72
388 373
53 137
176 336
263 347
94 320
217 370
149 253
225 1
241 65
327 325
365 190
54 255
76 193
156 332
67 231
37 111
333 30
197 117
42 175
138 251
96 156
182 180
362 316
378 97
53 105
275 316
389 209
350 129
337 309
317 325
371 277
327 174
250 311
20 102
69 146
43 325
340 396
295 305
382 336
11 210
37 71
353 311
344 62
33 13
212 393
153 60
333 118
371 170
85 162
201 267
270 397
22 237
74 251
53 44
305 172
224 343
258 304
372 395
76 168
272 221
357 321
267 283
255 288
118 237
312 320
326 297
386 287
164 361
362 2
225 365
150 373
143 64
306 72
384 51
175 137
235 17
281 294
26 30
314 342
125 67
7 93
232 119
194 290
368 300
341 204
235 365
167 61
125 27
294 130
184 300
19 285
189 64
92 210
262 244
117 347
326 108
173 175
264 210
294 23
386 216
197 298
142 22
34 106
42 93
178 133
200 23
366 364
250 290
116 254
173 71
221 236
313 347
320 209
92 194
73 78
26 52
107 171
127 260
345 229
258 385
369 392
390 329
100 385
337 86
334 382
126 156
96 291
39 146
392 172
76 277
291 83
366 312
320 300
351 392
359 357
31 169
11 129
359 240
382 315
154 89
372 30
62 175
226 384
22 187
17 324
344 355
349 202
15 341
281 320
104 283
258 272
189 71
28 287
224 311
173 120
32 356
15 385
135 315
132 45
93 55
390 185
206 27
292 111
77 89
41 108
312 384
76 66
183 363
351 363
253 320
376 393
201 284
286 397
319 169
131 129
367 171
368 58
176 72
93 188
55 188
239 219
202 82
313 303
368 193
160 98
133 12
3 290
343 321
337 348
142 120
358 374
181 347
87 13
160 58
345 399
239 282
235 245
344 205
11 324
11 388
152 384
254 82
328 311
222 56
121 17
333 219
88 298
105 394
128 345
155 346
368 363
160 86
269 338
128 122
7 148
151 137
126 377
328 2
223 280
281 221
302 336
273 172
173 257
368 145
77 150
365 320
212 396
94 59
291 262
227 95
211 71
376 291
195 316
160 231
228 342
343 300
349 204
264 315
31 251
372 332
256 237
176 348
344 169
275 328
178 271
363 279
73 148
354 374
217 354
113 350
70 346
351 377
314 103
18 43
73 102
50 365
109 315
302 388
361 171
215 43
215 72
113 23
148 83
255 259
94 52
365 137
189 60
226 23
228 300
50 187
382 222
345 296
59 107
104 270
158 240
31 188
189 357
343 284
151 107
25 193
98 118
93 328
314 185
116 305
250 384
35 238
94 13
267 311
26 276
205 233
201 154
362 283
201 209
159 341
294 301
178 86
302 49
329 29
301 171
25 35
294 145
229 2
150 198
389 336
368 240
281 382
134 14
337 308
76 346
117 208
140 238
167 375
153 55
181 40
366 62
349 265
77 309
22 324
392 170
218 98
104 350
62 310
272 260
378 318
194 298
255 262
69 227
376 312
70 222
72 71
253 324
268 248
320 83
87 57
10 41
156 374
266 123
314 170
140 338
11 5
167 395
334 110
48 354
226 209
151 154
53 171
74 24
235 65
328 187
15 278
340 207
136 29
34 221
392 193
133 198
150 385
50 41
220 188
61 394
125 139
312 355
128 72
235 363
7 230
386 288
18 227
206 348
125 271
227 208
109 71
227 222
328 321
182 91
349 120
297 82
100 60
84 389
268 52
158 219
77 310
103 185
156 335
62 107
34 294
391 192
380 206
344 315
317 370
327 70
27 287
331 367
167 188
189 74
1 342
275 65
128 231
25 399
144 234
295 122
164 67
177 214
331 71
176 180
38 332
368 152
349 332
132 14
372 108
80 100
156 329
46 328
20 21
359 9
369 172
157 61
382 377
281 395
352 188
199 49
201 70
205 203
297 374
48 395
359 231
220 91
115 298
271 124
200 52
199 146
273 90
272 284
239 385
100 82
34 222
21 395
133 347
327 23
191 137
248 336
224 71
286 279
69 83
327 150
399 244
202 198
294 13
291 335
128 291
30 394
184 74
179 267
147 313
70 238
317 237
64 71
344 322
158 394
376 167
66 120
98 290
268 1
53 61
351 103
54 101
159 398
144 278
181 138
182 100
116 332
376 86
203 108
355 283
252 245
142 156
390 188
205 237
252 122
92 269
116 210
310 290
389 90
79 335
362 97
228 155
241 36
113 122
147 246
364 124
313 350
241 21
104 231
349 206
285 47
267 89
286 136
255 102
380 336
163 321
141 185
117 262
38 83
35 68
182 118
263 342
67 388
199 133
256 338
11 30
92 322
157 1
388 374
73 389
199 45
87 377
200 375
275 71
314 41
16 321
195 152
48 170
84 365
109 379
103 260
118 336
266 129
233 244
212 226
349 343
182 347
85 15
179 210
84 124
134 260
7 179
294 30
40 60
32 64
41 86
139 91
105 71
139 278
85 202
123 287
176 207
128 188
177 174
165 394
142 367
42 283
286 227
92 238
229 60
351 97
22 300
334 291
326 32
201 397
227 373
352 348
324 246
192 166
16 234
53 233
312 75
114 186
184 155
195 275
160 348
77 372
255 36
176 81
66 320
200 150
116 65
10 361
142 279
116 367
243 134
339 86
224 60
390 80
252 348
155 348
8 122
319 211
302 320
1 346
327 198
358 187
115 379
139 101
145 237
304 79
349 372
191 102
41 36
176 360
53 166
53 150
302 324
390 318
334 219
215 200
63 172
205 385
175 321
226 207
123 119
326 209
23 216
194 329
76 328
271 240
376 66
183 389
390 269
301 311
333 91
249 346
35 196
268 299
305 68
334 393
156 95
173 66
338 166
341 348
305 342
163 324
169 283
181 379
58 277
245 324
350 56
228 60
273 396
1 293
208 146
362 365
306 46
249 2
48 325
389 166
354 36
163 185
48 227
26 219
173 279
240 82
19 9
224 372
190 204
69 191
93 248
252 6
48 130
104 322
228 110
59 254
263 27
69 341
274 65
258 51
142 372
372 387
180 231
360 111
212 167
134 45
352 397
184 124
66 89
326 205
155 299
46 137
112 40
320 56
115 104
176 15
25 308
132 146
160 264
62 127
380 276
247 395
152 394
363 389
144 75
383 392
176 253
285 214
3 291
84 36
15 293
331 174
42 285
131 171
380 257
113 332
365 296
338 124
49 396
242 260
354 111
37 203
149 86
157 210
314 202
91 311
99 108
177 117
249 209
165 237
16 273
337 65
218 207
183 139
42 338
388 130
87 175
217 45
182 110
49 377
50 364
380 348
37 127
388 24
270 213
181 364
128 365
59 222
276 172
80 187
262 82
37 175
160 139
182 321
132 230
73 63
249 89
39 166
157 44
157 82
264 56
313 267
58 311
93 397
273 346
151 311
361 315
81 129
116 179
110 119
62 129
302 196
248 185
242 315
69 350
390 194
70 122
286 382
341 119
382 36
380 330
145 161
314 284
333 338
355 335
390 145
195 108
398 375
368 346
191 6
362 216
267 12
360 238
53 46
42 107
92 59
220 118
360 108
323 209
7 209
19 374
387 303
62 106
184 308
45 246
7 335
19 283
220 95
31 8
28 300
155 188
327 4
93 123
7 62
387 214
286 315
139 346
352 1
173 211
191 325
160 282
368 280
379 309
344 180
201 93
168 307
252 358
67 317
305 231
3 105
11 346
234 95
241 146
163 394
191 192
191 4
120 381
258 170
120 101
331 265
3 378
140 229
189 385
107 251
352 370
152 29
184 365
179 119
147 127
75 374
271 145
323 354
184 66
20 136
61 186
353 308
141 229
159 127
337 129
38 302
16 122
296 52
22 86
195 372
202 154
200 4
249 11
242 14
42 348
144 318
41 347
391 122
343 29
164 122
85 203
239 317
210 385
21 346
194 161
112 161
295 210
233 303
263 169
128 200
225 230
149 393
142 72
126 165
151 185
38 285
372 210
202 28
10 388
104 203
46 299
323 262
232 320
176 234
225 227
341 56
289 104
326 192
205 287
250 165
80 30
368 108
239 296
159 282
304 360
380 213
110 347
379 71
184 170
297 282
43 186
304 165
353 161
84 24
351 293
163 318
133 86
113 216
368 273
182 97
167 145
392 110
199 2
224 388
163 118
179 82
194 198
388 231
139 237
355 336
104 2
329 83
195 299
164 150
250 202
173 394
352 82
337 175
38 68
10 374
157 296
289 56
226 186
201 156
144 168
224 231
202 29
205 267
378 356
15 231
121 227
314 315
126 396
148 214
372 78
386 101
0 259
339 30
140 370
362 89
53 278
195 190
62 233
258 137
107 86
353 384
197 78
46 14
319 138
125 123
323 355
183 193
138 36
66 309
228 100
351 297
398 384
215 156
105 47
292 357
37 43
315 377
142 365
42 97
399 198
125 299
275 170
178 290
215 57
319 152
388 370
132 196
150 342
133 208
382 279
240 119
142 296
141 221
84 174
269 65
33 310
126 321
366 280
65 129
4 172
249 246
285 190
363 107
184 208
102 172
67 310
181 66
191 270
181 226
378 277
92 89
195 100
32 393
116 124
247 226
372 355
43 377
242 45
334 216
341 374
62 56
31 44
259 146
39 168
183 318
69 377
340 365
212 229
194 325
18 185
121 28
371 100
263 185
140 396
242 398
128 47
195 36
363 341
371 28
6 171
192 14
10 156
242 269
163 170
35 348
275 240
211 190
42 9
383 257
306 208
272 204
326 112
281 98
182 203
360 246
154 246
226 296
100 332
339 229
271 316
156 342
91 246
366 354
365 68
190 137
205 24
302 55
92 1
326 22
131 88
15 12
125 346
181 398
242 264
262 146
351 395
85 339
96 98
11 61
93 282
159 350
18 364
340 58
266 134
302 29
305 373
177 188
364 277
201 80
128 2
15 64
263 259
353 279
357 342
232 97
258 206
232 227
182 120
274 298
248 171
338 146
392 396
135 396
199 253
139 102
81 251
359 321
276 324
249 298
350 52
248 300
77 55
386 227
302 399
247 12
149 155
17 65
314 260
362 46
45 381
368 40
326 8
329 2
190 260
62 216
333 194
48 305
100 14
280 379
386 100
275 393
173 321
360 342
3 346
104 305
327 316
123 204
53 271
353 2
263 384
276 95
163 282
97 188
140 251
54 371
239 89
327 102
245 101
118 204
271 216
390 345
70 219
323 259
33 287
228 303
152 30
361 65
15 320
386 302
274 358
201 167
286 175
391 271
92 91
349 214
109 14
19 342
148 288
59 40
151 101
226 328
144 231
345 395
7 2
19 207
5 347
297 324
234 317
359 59
144 72
390 209
141 295
18 133
91 309
183 277
228 70
232 303
175 290
278 293
59 106
297 47
17 207
337 321
261 208
380 137
269 29
92 387
141 293
268 269
274 269
286 169
264 13
147 394
152 347
271 290
353 72
349 287
201 63
391 74
243 280
147 202
248 122
147 106
289 145
195 89
167 193
112 65
37 12
327 311
141 231
46 288
156 97
84 205
366 190
380 24
23 12
170 71
53 161
350 14
164 72
349 271
96 364
333 291
378 172
96 28
372 384
340 55
149 230
202 254
199 357
306 363
133 338
141 271
189 283
261 207
42 241
144 146
117 346
0 118
289 396
334 210
206 82
255 231
268 353
177 295
3 110
43 260
211 236
7 377
184 134
333 337
22 47
39 279
25 285
235 260
201 399
155 119
343 65
40 57
211 279
104 6
98 29
220 273
391 360
74 213
228 276
228 49
315 342
159 313
235 392
136 251
104 4
183 229
308 394
160 60
15 248
149 55
153 353
159 0
15 61
313 397
181 2
229 83
31 139
25 307
232 27
354 385
73 35
371 259
30 347
142 290
26 382
281 341
50 88
140 134
38 33
158 271
121 138
53 65
184 379
48 226
168 290
272 120
245 342
250 206
382 210
253 388
131 350
234 257
168 57
15 348
383 227
150 101
117 192
104 332
270 325
148 348
159 108
228 237
112 193
99 68
280 91
50 233
349 364
229 346
77 129
98 332
125 0
380 309
179 60
265 198
26 392
197 346
163 81
359 294
227 308
261 337
7 222
189 90
327 55
70 192
77 330
168 311
249 293
349 188
359 61
386 356
242 204
149 81
0 124
92 315
148 393
142 188
138 254
369 365
184 355
194 14
93 193
305 236
317 209
42 245
194 47
368 284
139 336
255 303
149 169
117 299
147 65
334 98
358 51
80 214
173 11
243 192
197 39
114 166
354 288
39 102
131 385
0 91
362 51
360 293
201 180
367 89
334 339
249 110
53 240
42 129
294 40
278 56
117 389
218 284
16 12
369 342
142 399
334 123
147 365
149 98
362 182
343 203
285 396
242 321
261 283
66 322
323 41
125 208
366 322
201 127
197 395
189 145
369 260
116 47
179 118
31 267
389 347
26 102
191 379
366 193
42 71
351 308
215 145
327 75
266 312
305 246
206 213
134 270
329 171
199 308
292 30
152 108
243 67
143 161
118 119
281 297
252 145
274 365
128 83
294 88
91 108
259 237
314 64
54 375
306 32
153 2
54 90
69 156
366 260
0 68
302 4
357 83
264 320
115 207
203 196
382 180
232 287
270 311
127 342
34 336
176 239
375 130
378 40
380 1
218 276
337 71
37 265
297 283
131 136
163 66
15 207
31 207
73 372
337 103
153 1
173 210
368 345
50 52
189 114
165 290
240 283
234 45
48 15
276 8
242 397
99 296
354 381
354 60
150 293
323 63
27 288
314 321
345 341
91 12
144 107
224 246
105 188
4 122
217 309
165 395
159 111
22 233
362 214
367 13
221 60
85 108
286 248
227 325
250 237
149 272
229 283
178 61
371 373
102 146
84 237
220 86
167 21
50 79
235 122
97 68
264 290
217 375
235 21
281 316
149 60
272 114
208 307
134 185
252 230
205 262
113 291
17 299
201 44
153 304
94 271
327 82
143 151
64 83
50 361
250 13
267 52
49 325
181 117
391 399
224 119
391 354
157 283
258 356
136 229
334 83
338 374
183 97
20 299
379 311
87 43
285 58
217 200
53 311
38 111
272 277
223 290
380 307
247 108
313 60
195 341
274 93
141 257
11 298
368 151
302 91
132 68
109 375
116 303
62 296
69 230
327 244
141 99
234 207
312 230
128 78
135 313
54 373
351 194
353 14
180 246
211 57
38 379
274 256
304 287
362 253
212 288
323 14
352 234
199 52
53 200
254 137
194 230
249 385
220 213
50 310
77 27
200 329
55 186
280 169
340 119
167 95
350 119
281 186
91 146
141 353
194 111
286 206
314 66
364 68
112 251
16 299
208 106
253 300
112 60
195 206
94 71
25 277
184 207
17 246
59 186
235 24
365 348
157 230
326 202
87 275
165 246
319 117
70 78
58 284
33 267
32 246
349 365
295 75
384 124
76 278
134 162
250 39
157 299
266 150
182 324
226 187
239 180
115 375
295 283
37 36
206 91
31 154
191 187
73 108
194 355
55 130
334 148
153 78
116 237
363 102
158 325
16 358
145 137
102 122
341 373
178 2
37 154
126 238
282 86
268 124
141 60
295 2
154 213
243 93
59 168
276 100
268 95
160 255
55 185
94 57
390 305
217 202
249 148
319 305
267 122
211 301
349 283
73 273
38 182
380 310
140 356
351 318
349 52
109 28
174 317
25 107
391 357
319 2
223 272
331 78
41 188
167 318
354 347
369 185
11 301
144 213
269 238
218 15
54 302
239 64
210 47
315 161
241 384
232 192
380 205
156 388
274 21
317 238
345 52
289 36
320 293
167 257
368 112
105 251
223 122
84 165
344 387
102 213
156 347
286 107
252 106
139 341
169 119
7 275
20 396
157 88
382 6
155 146
242 169
333 146
232 364
285 209
110 231
53 364
280 89
73 36
69 310
310 51
100 246
21 57
380 229
66 165
11 14
301 24
247 384
366 108
323 341
294 118
189 191
369 353
276 273
312 296
73 17
297 2
275 342
249 238
328 204
134 12
211 277
334 130
73 253
116 91
249 245
153 171
67 373
334 337
45 342
343 341
305 299
65 231
131 63
365 8
16 213
192 377
19 244
136 129
225 253
21 393
143 171
132 251
205 130
141 108
67 311
69 361
324 161
206 259
380 155
61 346
281 120
163 148
163 88
182 65
352 97
399 287
314 259
7 171
128 24
343 354
245 278
139 282
160 40
334 64
340 206
33 203
369 222
140 41
109 220
314 360
43 265
319 9
177 350
73 29
378 346
153 257
278 122
382 172
274 186
202 146
192 393
134 155
218 133
363 373
225 137
274 387
223 136
327 371
241 381
117 283
334 375
312 356
241 358
291 299
199 271
349 318
280 12
340 152
181 234
112 154
144 190
151 186
84 375
378 118
66 13
7 117
128 292
45 370
73 43
220 384
104 72
365 1
220 395
25 385
25 29
295 123
252 41
16 27
160 253
304 240
247 345
249 355
261 102
227 251
25 1
17 301
211 320
103 166
250 192
365 171
208 236
118 52
289 360
368 295
75 172
391 156
340 315
153 58
345 36
116 245
242 255
240 111
312 61
362 241
338 214
339 122
67 56
43 279
174 221
42 182
281 22
195 104
326 298
153 168
43 233
302 396
121 139
380 133
388 279
140 185
99 262
386 336
351 114
243 220
156 190
11 78
256 397
42 321
199 239
153 14
8 89
78 332
252 167
292 186
200 129
206 171
142 89
291 377
134 111
22 35
218 287
81 5
80 388
173 396
15 387
158 315
379 299
164 161
109 219
323 248
81 395
212 120
294 170
212 284
28 396
177 129
147 29
19 99
144 32
382 175
351 348
201 175
136 328
76 321
28 36
310 298
352 11
134 375
125 56
372 192
128 210
105 27
151 393
263 30
363 259
103 60
133 316
243 375
356 2
268 210
134 317
232 62
125 288
247 52
158 254
70 321
345 259
217 255
376 373
220 259
235 279
178 205
272 203
53 74
141 278
268 397
382 231
369 339
50 75
112 103
74 381
174 364
54 107
140 192
61 44
220 169
294 332
224 342
46 357
26 315
11 193
392 95
337 21
242 336
84 254
8 198
203 124
40 321
275 385
6 299
250 244
320 101
261 114
310 68
211 5
173 36
164 233
252 279
340 192
333 67
257 238
278 385
115 328
215 122
291 56
202 360
193 186
159 62
326 394
116 86
215 205
210 161
182 316
103 196
296 260
152 329
10 260
189 377
81 277
67 78
286 337
97 185
156 193
10 182
250 117
194 233
134 315
206 127
326 208
0 298
387 89
22 41
32 358
157 318
349 367
380 56
274 46
16 336
317 111
37 384
31 170
340 35
312 100
250 259
10 300
378 290
39 209
334 370
398 161
280 75
150 188
359 227
23 204
174 307
162 284
27 299
375 166
183 270
22 282
323 187
3 21
27 161
271 41
32 300
247 35
141 133
131 209
179 187
94 100
224 309
31 32
85 361
369 321
253 165
232 277
327 168
249 392
22 385
292 216
65 166
223 80
192 44
126 234
178 269
160 262
291 381
252 117
334 214
54 180
76 182
314 264
249 82
125 323
218 240
301 82
357 283
20 367
170 161
87 332
239 354
294 283
131 93
9 308
189 226
268 341
59 257
15 388
61 209
79 86
62 336
65 370
76 180
18 138
64 52
386 104
96 283
207 397
10 45
174 355
243 120
177 148
297 101
17 279
10 83
197 378
326 245
392 384
138 231
179 185
99 332
20 282
142 320
369 336
239 325
42 389
59 335
70 146
42 200
343 336
364 321
268 229
315 86
343 60
174 290
189 30
195 248
183 221
197 192
127 51
184 162
382 155
113 341
218 117
247 302
382 89
35 311
331 97
366 216
255 64
87 14
319 187
345 315
151 45
11 196
165 303
254 396
391 285
382 342
140 315
326 70
59 14
20 146
46 196
189 33
178 240
79 2
67 75
102 303
115 174
224 245
151 260
294 317
331 234
263 45
361 8
275 364
261 174
69 108
286 95
242 311
327 103
275 120
366 200
274 262
215 236
48 112
191 237
30 346
193 24
104 279
92 134
93 321
28 385
276 370
195 260
369 171
241 277
248 373
199 90
152 330
109 193
224 30
43 207
242 244
226 309
352 219
297 389
266 287
110 2
291 342
225 311
232 167
164 11
160 179
84 8
170 244
69 194
386 204
208 36
157 102
388 288
351 389
30 122
218 309
220 385
368 15
295 190
125 6
85 398
148 61
359 57
368 23
87 68
302 355
363 155
225 284
70 301
399 332
302 127
366 303
96 260
73 354
132 342
37 379
11 188
218 265
78 370
31 90
255 45
26 39
345 137
141 80
19 133
178 246
389 251
182 233
94 373
354 124
297 118
230 29
234 90
247 79
376 2
183 162
249 63
380 311
30 300
392 203
163 354
319 219
223 275
92 36
156 145
135 182
344 14
327 81
138 185
18 276
234 394
319 99
164 285
16 193
361 385
203 288
203 251
258 55
31 360
193 342
50 145
134 86
139 259
386 11
330 71
147 188
141 90
285 322
49 209
46 364
153 103
352 22
59 83
126 136
77 287
273 47
289 328
131 394
252 68
261 303
323 233
85 231
245 55
102 342
183 129
391 167
66 100
62 374
73 67
15 172
317 13
180 377
314 124
386 90
276 393
9 12
384 172
380 32
153 337
54 24
281 263
126 99
134 328
224 82
261 196
105 288
189 122
138 63
331 379
132 248
42 39
113 363
135 293
345 61
223 284
155 57
194 82
160 311
157 260
0 29
344 52
329 293
242 392
11 374
378 259
153 72
247 137
87 0
136 127
19 43
10 371
62 57
26 56
87 47
384 209
310 293
312 279
164 78
46 303
74 188
25 337
218 180
87 244
250 276
54 275
313 65
178 95
76 41
26 354
80 75
391 370
63 325
19 392
197 287
164 15
296 106
195 336
79 44
272 244
133 360
319 43
87 157
217 192
85 57
363 165
334 377
272 86
390 236
203 325
110 332
331 251
285 83
200 14
116 288
351 316
201 358
147 30
248 332
3 358
177 269
352 39
176 270
132 338
102 370
39 321
247 277
182 137
164 12
212 196
333 277
105 262
334 241
153 229
18 60
116 277
232 321
249 133
117 111
239 204
306 257
66 279
37 399
304 57
392 330
339 290
383 277
239 165
53 97
337 110
278 237
297 58
343 385
153 346
349 79
354 186
360 137
126 356
313 14
81 88
114 219
40 216
387 216
343 68
372 165
272 88
319 39
26 305
367 83
53 187
143 265
85 161
305 119
134 283
125 117
272 13
145 342
223 271
183 332
126 58
6 214
195 105
223 264
158 309
243 398
261 220
272 389
354 346
88 188
312 395
132 356
318 293
241 41
389 288
271 82
58 24
148 320
241 322
94 365
249 43
121 321
326 99
247 293
147 233
18 91
263 320
345 193
31 107
383 241
132 288
341 209
176 82
217 61
74 394
386 293
281 265
125 154
11 123
1 187
8 187
366 8
274 384
62 185
328 216
243 194
319 190
148 237
182 267
62 237
109 282
343 196
54 385
33 290
345 325
141 239
194 254
270 51
81 71
93 335
11 311
388 307
223 132
345 393
200 310
242 122
113 162
37 202
380 191
177 346
386 170
182 102
50 203
362 8
181 355
7 355
272 61
200 154
338 231
80 89
356 381
22 283
85 264
163 259
240 336
67 379
272 90
376 152
126 216
54 89
215 196
357 293
250 11
98 169
46 57
109 370
30 187
201 273
73 394
25 5
164 198
37 357
215 123
140 91
286 51
116 2
182 389
67 221
271 278
163 198
243 241
383 307
242 283
331 175
20 106
235 251
153 245
224 64
182 55
131 45
164 262
77 6
212 283
7 51
180 57
70 315
197 357
363 161
76 146
164 211
139 214
92 277
258 338
212 277
341 236
1 290
169 311
66 61
85 236
48 43
116 363
133 322
318 71
46 63
10 317
156 387
285 60
5 298
131 15
191 91
178 55
391 310
131 384
255 397
340 271
85 387
16 172
371 145
91 325
128 101
201 124
218 106
62 377
267 346
197 204
323 75
362 256
261 226
43 165
291 396
255 310
264 155
37 393
163 379
228 146
87 363
286 99
221 342
274 382
294 100
132 5
32 186
330 219
116 355
177 123
313 13
258 323
308 373
205 192
179 209
179 330
42 315
329 209
280 190
368 279
176 154
232 356
180 370
315 236
25 374
158 55
141 194
133 282
75 44
181 61
163 361
179 231
202 251
113 385
223 157
159 240
258 63
296 209
8 185
113 47
164 367
65 237
248 237
386 83
22 356
157 322
234 238
257 347
92 347
175 370
10 316
67 357
116 385
333 145
32 389
32 367
37 6
323 97
369 330
226 246
250 263
391 301
157 384
266 301
375 394
203 385
33 214
16 81
250 51
64 108
178 35
176 257
365 396
291 301
99 373
221 146
351 291
362 263
361 311
228 272
96 267
223 277
239 231
344 262
22 321
258 58
225 167
250 277
339 103
281 105
132 317
10 276
156 283
382 236
117 219
333 265
235 52
178 238
352 339
376 219
391 161
199 372
104 317
18 154
153 137
344 370
392 377
304 311
392 78
17 2
31 124
75 196
151 145
334 280
105 2
109 169
25 28
258 182
181 269
243 328
73 241
9 397
179 75
184 282
392 308
37 134
368 99
266 323
77 90
362 103
289 130
194 68
156 108
39 381
359 282
28 57
33 377
184 55
176 230
15 311
22 106
11 103
63 370
176 83
276 356
34 133
235 74
116 105
139 124
208 373
26 33
26 137
73 237
159 12
127 374
30 377
176 78
376 272
153 138
125 97
240 385
327 171
270 214
69 226
96 118
81 231
313 300
280 231
369 29
337 389
49 90
344 363
324 236
142 282
328 348
357 325
235 120
126 229
113 387
116 120
61 293
141 290
376 378
386 254
156 322
34 227
255 395
354 397
274 58
194 165
63 299
331 145
326 262
302 364
32 354
200 40
132 60
376 374
328 111
302 203
197 398
304 399
243 41
128 174
292 45
26 24
134 338
239 137
386 280
128 71
333 190
218 209
258 246
223 23
340 388
261 342
144 138
38 296
18 204
66 129
281 174
302 75
280 374
134 381
286 219
35 307
343 23
1 14
48 196
170 216
177 345
266 346
50 49
366 180
10 186
34 75
253 270
334 276
126 190
53 263
109 5
210 188
234 40
349 6
376 311
30 101
96 86
218 13
304 273
206 315
7 246
350 124
253 13
143 66
16 59
179 108
230 86
310 47
344 139
261 259
379 198
138 24
212 105
139 370
184 202
205 236
245 336
165 124
112 169
163 316
292 338
392 192
276 154
398 108
314 241
289 245
6 397
331 313
163 375
113 207
80 377
391 56
168 2
67 129
201 335
70 229
245 2
211 165
179 308
107 83
126 294
149 21
258 75
42 35
221 2
366 21
226 229
247 182
329 325
125 59
304 238
333 162
312 233
250 90
306 365
115 262
232 244
69 298
183 291
189 263
333 129
138 219
200 237
234 233
268 180
353 51
371 166
226 146
173 90
194 150
218 39
183 220
368 118
294 83
306 12
62 324
127 347
164 264
217 288
357 166
80 168
42 185
140 150
227 75
312 45
278 186
372 14
61 47
5 293
153 93
141 307
286 341
212 188
140 12
62 230
45 89
115 321
141 8
31 348
151 397
326 294
74 111
25 39
339 342
218 80
115 22
149 276
20 138
154 385
345 317
159 154
167 300
131 382
152 61
226 36
116 6
176 200
226 385
160 171
116 280
179 21
5 303
276 101
147 229
163 309
258 329
184 95
248 321
389 287
115 123
359 305
383 276
81 293
281 204
228 180
19 139
362 63
167 350
392 145
255 95
84 112
189 271
100 397
261 182
177 130
10 347
120 12
261 127
109 216
202 108
259 397
387 171
7 292
197 382
223 108
327 60
263 356
179 262
140 381
262 231
212 32
330 161
234 219
9 107
276 57
310 82
340 226
294 342
128 134
19 198
239 155
160 248
280 6
392 161
363 233
3 186
114 119
41 137
148 49
235 297
340 211
331 89
93 309
160 293
390 118
160 342
76 23
5 36
343 24
131 23
320 198
369 99
263 388
39 293
35 56
0 90
249 257
242 12
76 361
232 75
98 100
3 308
0 175
350 2
333 13
194 129
173 295
193 137
217 396
162 161
120 300
349 222
386 106
378 296
199 284
280 309
116 108
32 97
62 45
250 315
314 150
116 336
177 253
302 308
314 272
372 21
163 396
225 45
361 71
191 188
73 220
364 129
234 65
18 45
384 12
113 114
67 396
32 336
349 49
371 375
296 237
138 222
276 89
48 187
73 382
54 290
59 358
331 209
53 320
139 27
87 348
380 240
215 35
226 41
77 280
232 298
37 75
153 61
4 290
62 300
18 332
160 396
295 219
116 260
99 238
224 392
245 100
74 68
291 231
392 385
331 236
43 122
224 265
215 275
10 180
7 90
189 291
54 271
270 106
50 204
194 338
96 71
189 139
73 280
149 32
189 238
73 291
96 284
252 296
134 63
163 360
195 330
54 328
232 253
378 373
112 21
356 130
368 251
195 15
76 110
232 397
371 240
59 394
274 44
268 285
21 307
239 193
367 71
179 236
149 139
128 348
291 120
366 365
368 24
153 226
152 324
273 122
245 170
54 193
340 379
349 342
63 395
138 23
140 191
131 28
177 64
69 309
326 284
226 325
128 106
18 123
255 209
387 196
76 14
215 345
340 395
301 216
133 209
306 353
222 146
319 13
205 222
217 330
144 15
193 2
376 316
218 193
74 367
144 356
39 171
96 204
362 325
264 101
133 394
245 330
128 182
195 240
7 150
46 360
218 231
239 233
183 133
220 287
142 95
67 127
249 206
10 206
352 171
87 49
266 321
168 214
306 209
163 214
20 132
144 12
317 57
9 89
242 61
174 367
331 335
254 335
375 196
175 347
329 244
338 397
96 315
157 277
184 8
282 36
263 236
142 288
340 255
87 200
306 241
65 82
162 395
138 393
383 251
266 290
88 214
264 282
245 283
249 62
218 292
327 322
265 130
228 168
167 347
252 259
35 171
252 257
133 385
256 30
84 62
268 226
81 229
341 321
141 233
252 148
141 245
201 303
67 293
107 166
201 211
261 80
54 207
369 395
53 231
167 36
349 55
134 379
217 169
245 63
93 122
115 329
310 24
367 393
113 311
315 307
269 330
140 49
338 186
135 317
34 304
328 68
229 373
371 254
249 129
77 320
220 207
263 213
181 240
266 45
352 57
363 1
128 11
386 93
107 47
91 122
34 214
49 300
282 214
340 65
177 388
274 6
255 108
15 72
138 358
362 66
337 49
178 236
62 60
77 262
235 119
275 108
117 231
391 64
239 358
365 381
70 240
139 119
371 88
84 288
211 316
240 335
291 45
270 209
177 194
84 330
3 295
126 13
326 148
140 110
48 378
352 210
103 172
268 166
125 287
269 315
225 2
318 284
247 59
206 61
153 112
366 1
275 100
84 104
133 293
343 106
215 188
271 370
375 56
302 63
224 367
249 190
333 154
382 107
164 298
160 27
139 322
84 190
264 187
250 330
349 208
159 237
191 24
176 245
46 321
20 65
243 100
199 221
93 354
76 384
147 105
224 371
136 321
184 315
333 278
38 17
228 161
333 298
314 265
271 394
243 65
0 317
95 44
128 63
10 152
245 348
199 65
59 58
375 342
224 182
43 317
356 146
275 396
190 395
38 190
221 325
175 196
319 64
26 123
98 267
170 111
367 284
253 12
19 248
134 35
215 399
179 35
291 367
104 193
280 375
6 90
16 28
206 107
200 130
92 378
95 111
365 283
211 238
75 198
269 40
328 385
255 244
285 155
291 311
194 83
3 180
224 166
372 36
388 51
254 166
79 124
20 120
369 132
63 106
235 75
201 151
99 60
53 238
73 190
85 355
273 244
225 204
376 236
173 15
323 68
140 210
227 2
345 396
361 262
49 284
50 86
304 166
211 296
294 318
152 238
31 253
48 262
292 364
181 245
271 355
98 338
163 161
327 302
112 354
356 213
10 282
212 347
116 273
18 345
183 345
92 117
66 298
22 192
248 52
312 169
64 111
232 290
121 49
215 192
67 348
38 207
147 354
153 6
113 110
227 238
390 81
121 262
117 260
100 209
189 342
297 44
11 213
372 388
239 119
170 196
383 99
286 29
25 323
292 72
173 114
224 241
134 298
352 238
94 28
352 106
262 216
308 346
173 292
37 13
48 355
128 151
371 301
141 208
289 155
345 56
314 313
320 188
33 95
235 72
254 89
99 338
87 89
158 318
359 372
112 14
163 167
344 379
330 60
334 233
292 222
184 375
54 169
147 117
365 308
38 59
11 315
192 397
379 393
323 284
220 336
143 211
331 377
340 23
10 72
177 40
199 166
131 180
103 86
77 132
163 393
74 399
183 255
391 345
354 188
93 307
386 307
54 67
276 283
17 315
324 219
9 1
143 172
160 239
38 57
376 375
365 284
217 374
176 175
128 338
195 231
235 198
144 89
267 397
131 332
263 230
271 123
227 278
243 185
222 321
189 98
30 52
92 357
37 365
376 398
255 219
3 389
38 46
149 236
138 282
38 63
135 194
151 303
199 347
38 79
254 106
263 108
125 29
380 102
95 307
359 211
382 387
292 122
301 86
225 216
128 74
386 231
256 90
125 278
331 134
62 198
156 325
305 216
115 394
316 56
141 169
50 260
163 317
200 198
272 282
69 379
233 213
74 324
227 370
211 396
37 22
20 279
98 28
33 49
276 300
243 57
22 171
302 270
135 385
143 41
26 318
76 305
286 133
164 394
272 137
286 78
242 192
297 110
141 129
131 74
7 265
25 75
70 8
334 220
206 64
361 298
205 375
224 285
181 51
150 321
228 108
295 257
344 238
349 337
357 336
98 154
173 364
195 127
168 244
77 104
368 360
333 307
266 207
330 346
364 2
183 312
297 6
250 0
176 309
16 171
9 244
276 204
340 99
79 284
371 52
360 307
19 136
197 270
245 373
224 133
201 244
94 219
359 152
10 291
96 179
390 43
176 332
201 253
64 47
262 185
132 278
382 396
202 41
266 99
1 196
17 322
319 209
334 394
243 79
91 370
330 129
224 255
224 74
367 397
182 146
392 120
212 233
368 357
280 29
144 14
266 21
212 310
37 239
136 236
343 56
114 236
391 317
249 328
157 23
339 28
3 211
340 187
75 370
305 106
93 214
173 291
31 214
113 60
317 246
135 99
94 342
134 342
33 355
286 328
107 119
159 245
386 370
380 358
37 233
223 321
123 172
170 106
252 271
261 64
351 357
11 44
247 74
250 66
53 282
245 346
10 279
66 180
225 378
139 389
9 146
334 293
159 203
126 299
195 397
173 207
77 210
319 336
355 130
240 236
181 309
98 107
26 293
282 246
131 145
160 180
228 185
271 198
112 321
173 148
205 315
211 229
140 336
73 393
331 191
126 208
376 6
38 64
132 193
136 213
168 130
327 118
76 74
88 51
272 95
159 86
320 51
113 384
380 187
316 83
189 246
109 240
241 207
371 122
50 45
70 303
349 356
261 336
67 65
206 24
182 399
353 317
135 175
189 381
1 299
70 79
66 290
26 103
15 287
48 278
73 101
281 356
74 393
257 101
46 320
292 64
270 381
323 188
131 156
398 214
121 372
62 91
115 371
265 186
174 358
136 108
263 248
109 233
177 255
5 209
362 192
105 171
368 11
176 226
32 357
43 375
285 172
286 137
195 342
41 238
243 36
247 284
62 301
365 210
363 237
35 24
96 357
312 373
88 347
96 302
389 108
167 385
94 146
157 342
177 100
221 71
197 265
268 336
64 214
286 318
314 301
380 134
334 67
53 220
352 133
7 257
245 83
368 382
289 55
274 356
174 284
259 216
205 282
133 342
366 318
275 171
304 293
212 124
128 137
138 284
16 350
234 154
358 348
289 251
326 62
179 240
313 254
328 395
158 343
235 101
143 370
358 119
258 292
264 97
78 346
212 186
133 204
398 14
319 220
376 174
197 321
22 14
362 343
239 168
142 56
340 284
6 213
156 279
159 256
349 248
133 233
149 299
263 102
306 322
360 209
182 6
291 168
247 81
105 338
242 172
65 171
94 186
241 83
365 72
105 237
382 348
159 172
331 375
392 122
181 68
281 318
95 52
310 209
264 279
190 101
73 272
6 283
42 322
233 86
351 47
77 17
54 118
261 45
26 117
386 161
343 251
121 187
92 256
121 360
383 304
295 68
269 237
80 23
127 322
102 311
233 397
349 241
264 267
195 272
77 35
7 256
139 78
181 172
398 188
41 396
199 187
245 57
78 325
74 277
37 241
0 348
144 332
97 290
33 72
247 210
245 374
360 213
97 137
212 155
143 80
357 393
67 303
149 323
215 271
263 29
70 130
349 397
38 124
261 389
364 346
176 297
4 216
302 360
94 341
352 44
84 11
273 89
349 21
128 284
243 47
273 395
178 191
376 157
96 45
334 221
211 240
215 301
250 382
365 130
359 78
289 17
93 27
72 214
389 231
160 320
70 237
378 209
77 80
81 56
312 127
19 307
176 168
294 231
147 17
304 307
4 185
183 343
34 284
392 298
177 396
357 244
63 213
212 209
386 102
225 324
30 393
297 373
112 229
182 309
261 293
206 44
235 186
315 124
70 347
291 169
30 12
11 180
66 190
331 214
182 161
390 358
163 192
139 316
247 72
53 204
191 49
242 74
235 307
253 381
48 190
344 134
189 132
201 278
37 136
286 236
38 318
399 237
160 112
223 346
133 311
109 280
134 79
132 315
116 102
19 371
258 240
99 396
113 185
94 397
318 56
386 221
319 226
212 78
15 101
390 393
344 58
261 364
181 241
184 264
168 325
316 14
183 398
312 78
272 209
15 374
376 336
42 72
250 119
285 246
228 167
226 210
63 373
10 78
66 230
344 382
218 0
54 355
43 338
91 24
389 381
215 39
218 187
195 56
334 284
349 254
21 347
354 395
360 214
306 187
383 339
367 299
75 2
363 267
142 8
183 216
67 57
295 36
59 237
26 248
343 214
95 56
366 71
229 396
199 169
169 209
195 136
359 342
232 310
16 97
58 385
195 222
65 290
226 335
163 169
159 283
399 47
159 330
205 356
383 123
240 24
189 393
173 12
343 395
253 44
270 36
59 216
306 11
94 399
317 161
19 239
369 303
170 385
217 146
19 39
143 293
197 364
151 78
121 145
212 192
131 52
226 103
296 186
153 67
361 86
383 375
280 397
3 190
34 65
292 356
109 68
167 244
262 395
42 81
48 9
176 244
278 2
55 394
159 229
232 110
3 118
1 186
351 130
140 287
26 35
228 382
258 179
46 240
6 348
147 60
366 291
330 166
109 205
195 169
212 185
84 119
151 320
338 187
158 209
135 307
292 52
354 393
392 279
296 24
84 364
200 384
389 342
233 82
337 318
314 339
184 108
398 120
362 379
148 342
264 394
264 6
261 118
380 2
398 12
184 59
104 86
362 338
271 305
333 301
318 29
140 148
351 155
134 330
115 397
351 271
323 8
351 102
33 175
9 47
351 81
232 263
202 321
351 79
380 222
280 57
11 260
85 392
201 396
37 375
173 269
202 75
192 129
189 303
226 356
361 168
339 283
38 172
368 107
372 100
224 375
41 244
72 119
126 167
215 15
295 260
33 230
328 47
141 238
281 139
367 204
331 384
245 364
117 355
7 267
50 28
376 214
127 89
329 279
368 114
269 299
392 88
85 1
345 4
38 360
295 27
268 255
232 379
94 285
143 329
382 28
92 279
144 222
48 300
368 162
149 244
120 299
398 166
114 47
25 9
344 398
390 57
352 240
255 248
175 129
164 263
398 55
105 257
224 32
81 101
280 78
31 2
191 122
92 346
53 28
217 292
302 97
256 298
362 317
147 263
372 187
50 33
362 345
268 43
222 111
125 136
223 24
7 157
327 12
384 171
42 208
118 101
131 36
352 157
351 43
227 28
46 394
179 165
116 309
243 302
242 211
31 263
140 155
91 51
200 196
34 381
324 309
215 105
224 284
212 68
103 335
155 394
263 278
179 8
142 0
115 312
366 292
85 239
148 90
85 292
88 299
151 307
59 329
113 239
253 40
218 170
266 298
391 132
218 211
113 70
304 209
197 374
285 12
76 151
170 342
206 106
223 221
319 370
92 9
177 237
70 300
159 104
297 303
144 194
63 284
197 231
240 346
352 192
301 381
391 168
192 311
69 51
116 256
125 203
109 343
143 182
99 168
22 231
178 336
304 303
39 162
53 345
269 219
109 99
304 394
272 317
390 267
15 8
250 308
386 345
376 220
18 61
79 396
160 170
193 237
310 397
229 377
253 86
242 57
88 321
150 108
357 332
217 298
337 311
390 86
85 21
334 307
376 239
33 282
0 23
26 174
344 192
269 8
333 325
256 165
324 13
212 8
145 119
19 269
226 127
9 311
194 193
314 285
38 106
380 171
177 139
181 75
167 251
182 240
164 192
192 347
81 63
354 187
226 322
390 396
21 89
74 8
84 47
4 395
249 65
274 288
66 265
127 283
74 129
352 296
276 265
232 270
267 290
74 51
133 29
252 317
253 155
266 311
87 299
253 175
155 336
211 381
173 161
31 137
99 196
264 198
389 47
143 99
341 198
380 35
113 251
218 127
157 308
221 288
253 231
366 399
189 180
131 353
235 355
263 175
93 336
144 296
133 364
390 257
312 155
289 123
70 287
156 187
247 204
121 373
253 262
173 214
159 336
75 130
227 100
107 325
32 51
368 231
220 257
376 301
63 36
368 93
215 263
99 301
73 290
138 375
156 399
386 71
383 154
7 353
19 221
3 33
25 82
84 51
22 63
34 287
232 22
132 307
42 148
173 367
148 64
252 214
350 277
355 60
221 166
272 237
248 238
359 166
386 312
398 287
73 283
312 342
225 162
362 246
177 185
18 214
148 185
228 290
152 216
11 119
125 399
243 188
135 239
79 172
98 288
261 273
18 316
173 347
215 171
223 291
189 220
349 298
383 364
116 393
195 106
69 168
147 47
278 396
328 86
94 175
113 278
249 81
69 35
390 378
104 89
87 60
289 273
242 324
218 379
266 138
80 146
25 24
182 4
159 47
316 86
160 324
281 12
363 124
41 219
392 328
205 240
268 316
33 209
349 308
178 231
131 293
40 101
38 301
297 95
382 162
286 123
365 346
66 354
127 299
195 98
120 90
148 246
113 267
38 196
156 192
399 89
20 364
132 320
199 325
191 348
340 161
225 379
249 202
362 190
372 394
250 33
220 373
365 90
95 119
345 13
156 51
362 304
59 190
7 103
149 357
380 157
301 137
4 86
17 14
88 130
228 360
235 157
203 332
234 186
376 192
23 385
141 321
53 51
151 122
0 354
368 165
266 80
240 36
142 262
17 399
259 244
230 56
105 40
10 132
356 395
168 395
225 360
67 287
15 316
372 229
183 329
366 118
223 300
264 257
261 269
220 248
289 290
25 11
10 389
136 58
15 30
265 373
157 388
227 318
94 229
247 299
194 324
38 174
168 279
334 2
205 190
17 63
199 291
379 287
223 89
343 35
125 98
276 389
65 56
312 399
155 161
34 95
139 106
329 290
25 97
69 61
195 129
132 377
228 114
59 52
366 328
241 185
235 272
266 4
141 283
168 129
268 155
141 118
136 190
10 130
189 302
314 137
80 130
292 301
255 321
104 75
17 122
228 244
175 122
247 61
25 377
4 307
143 361
159 394
94 287
217 339
140 200
199 270
281 60
94 364
54 179
258 187
384 393
136 27
105 374
121 186
31 394
31 329
114 284
131 154
269 5
215 350
228 190
266 130
352 283
159 56
113 0
177 44
140 78
285 346
224 272
117 381
228 132
141 259
364 322
158 60
253 395
19 208
152 49
194 357
258 399
218 175
256 124
148 120
329 106
99 8
152 27
365 310
392 90
359 196
176 40
229 129
141 4
163 86
136 208
215 297
264 193
328 236
92 399
211 78
18 90
140 157
319 120
133 4
280 273
285 44
128 324
35 2
139 36
372 175
39 24
252 394
362 90
45 279
352 270
352 104
258 52
163 188
218 237
170 335
54 8
134 300
391 311
365 186
218 51
141 202
241 122
276 395
162 216
141 59
224 269
205 279
203 209
206 1
159 98
285 379
169 186
199 395
168 12
327 156
286 90
223 304
85 28
80 35
8 300
32 21
3 248
276 384
197 190
253 162
53 254
217 194
194 244
99 155
286 216
144 251
217 114
11 384
380 256
69 174
125 110
135 308
201 111
258 104
112 2
70 377
77 2
218 102
371 305
183 313
142 44
223 81
193 214
21 299
369 86
168 238
74 107
131 30
252 246
205 278
184 325
302 168
112 175
289 371
81 13
109 230
254 196
242 88
116 200
312 166
242 339
208 393
313 127
113 80
117 88
229 51
199 226
271 171
155 214
271 21
274 188
208 213
25 32
227 114
50 98
58 299
9 110
241 298
387 287
177 335
349 275
26 64
54 83
151 170
173 370
38 230
210 307
105 360
362 45
19 332
358 214
46 336
199 1
92 363
54 59
232 44
140 313
226 293
250 65
239 209
73 239
93 213
84 293
72 219
280 2
168 198
181 134
369 389
42 310
256 381
123 51
85 24
242 229
354 342
250 357
378 236
120 82
376 257
367 216
327 62
35 260
156 284
59 4
32 1
17 388
258 372
366 388
229 385
55 300
305 300
366 229
266 40
218 234
294 233
92 124
243 248
223 230
206 350
76 216
7 237
247 392
25 155
285 6
319 294
372 13
261 136
228 192
223 146
5 106
118 332
158 191
369 361
270 71
200 389
372 41
314 32
359 13
158 80
313 192
76 137
323 277
242 51
357 71
249 234
8 284
163 276
249 370
117 185
247 32
383 175
143 154
158 171
18 203
306 174
154 396
131 56
178 221
183 254
249 101
136 336
398 282
178 388
154 90
73 374
339 198
79 57
73 0
291 240
7 211
273 130
356 374
217 271
315 56
222 279
201 234
33 171
144 101
159 277
59 324
319 277
272 240
218 89
314 320
176 374
20 192
117 58
54 394
363 370
66 254
143 324
176 216
200 78
313 284
140 277
158 150
162 283
50 370
351 305
42 205
102 381
98 13
371 364
230 146
140 322
74 63
11 146
205 106
164 174
316 336
243 269
35 119
10 357
389 335
19 356
328 188
167 78
184 257
97 244
323 210
326 278
323 328
48 79
232 122
390 127
291 155
153 117
139 355
271 307
275 193
134 277
136 169
42 388
240 238
266 388
294 229
155 204
46 101
221 83
20 145
125 90
327 74
305 124
20 256
248 44
32 193
145 24
109 287
15 63
366 335
382 360
365 246
43 91
197 166
362 318
0 52
383 61
30 171
127 293
144 27
125 227
286 360
272 393
310 89
80 267
228 236
40 71
6 51
194 12
178 46
372 233
50 209
138 209
74 298
25 339
76 347
177 394
176 203
116 56
315 311
73 58
3 256
320 171
109 172
341 396
139 150
158 311
67 204
158 321
224 259
143 206
132 207
7 272
153 28
184 299
294 308
265 119
115 187
354 119
113 188
48 198
7 345
143 238
3 32
37 200
252 292
224 35
339 91
340 279
139 41
351 22
270 89
286 272
200 374
330 124
354 57
80 188
159 276
48 350
276 385
184 6
184 119
43 394
250 248
343 114
131 240
27 335
200 45
212 6
176 370
274 255
333 22
76 166
234 120
294 364
192 101
94 162
96 202
291 210
16 246
116 180
114 36
275 257
228 279
168 166
386 165
344 303
327 305
127 47
169 307
212 146
368 219
274 11
22 229
33 296
178 222
147 200
167 325
181 279
59 347
275 321
351 210
282 101
59 127
252 364
285 27
220 155
109 4
133 111
220 185
220 24
195 303
50 68
3 347
306 172
369 14
340 213
84 105
58 298
3 329
269 214
92 186
265 209
218 398
174 122
272 83
264 321
207 185
94 226
305 86
345 40
239 111
250 63
390 231
366 254
143 221
349 2
380 152
206 208
34 172
109 358
276 229
177 97
3 345
341 111
390 56
30 89
235 112
144 237
305 348
53 123
327 213
63 51
67 68
380 68
144 398
273 106
40 332
70 83
144 209
93 30
116 134
7 308
159 280
289 350
223 287
0 122
138 60
148 299
266 114
54 110
295 321
294 298
344 395
315 309
191 303
257 172
50 219
16 214
115 293
42 219
261 165
382 346
67 222
39 41
285 166
229 82
261 90
278 393
368 304
327 292
338 196
81 360
87 39
247 290
239 397
210 137
258 337
84 114
302 290
160 5
177 347
328 396
202 4
272 72
183 374
205 317
291 52
211 332
382 267
207 299
282 204
353 288
349 350
156 107
34 399
340 316
305 137
327 21
248 13
183 230
250 2
133 169
227 324
93 168
349 304
7 32
42 62
266 256
285 45
211 338
61 288
380 127
302 111
369 22
37 216
20 257
145 322
143 277
368 174
134 284
333 264
306 216
28 68
240 287
368 190
383 202
289 152
38 346
282 342
349 71
320 185
362 133
243 97
181 353
121 350
173 146
142 337
215 384
326 179
380 91
189 233
291 393
70 293
133 357
351 157
368 330
389 124
399 381
43 162
247 273
164 315
84 1
43 6
25 124
242 83
202 233
110 209
167 55
344 371
7 41
197 200
361 188
153 43
77 230
123 214
158 101
31 304
179 373
85 90
255 393
380 231
235 117
11 222
235 32
87 5
85 191
294 6
32 127
365 318
181 342
228 82
291 119
241 364
125 370
140 211
253 309
248 370
382 293
181 294
226 338
212 210
31 300
157 169
372 254
144 270
114 57
76 236
281 378
362 174
178 66
40 137
242 209
48 132
43 110
194 305
314 255
199 122
376 367
234 61
314 257
41 373
387 90
276 288
125 382
126 166
104 399
170 24
242 9
147 124
19 365
345 321
144 157
227 122
366 293
84 151
369 209
361 374
43 214
81 350
362 211
249 196
327 110
143 6
113 136
136 360
330 397
139 29
173 56
232 88
125 209
252 315
398 374
94 396
31 51
66 395
139 246
160 321
230 12
70 75
38 272
61 231
59 172
201 139
48 365
355 307
229 185
67 137
360 101
173 378
268 71
274 267
61 137
326 74
73 364
38 61
380 345
339 299
118 12
140 169
261 166
202 318
99 293
232 350
127 13
3 103
197 293
191 44
3 303
328 325
258 47
266 382
147 191
105 107
379 2
389 146
215 45
289 111
278 260
73 256
326 255
135 102
366 209
313 364
257 187
224 308
258 111
278 24
318 395
371 146
383 75
333 282
355 124
267 60
143 137
127 395
331 130
357 89
55 146
262 251
366 287
92 353
117 28
221 321
84 335
19 5
134 229
225 23
319 123
384 47
61 336
276 171
206 175
81 399
94 23
135 288
223 311
353 236
364 336
35 209
281 44
367 57
240 213
338 322
131 95
153 236
245 95
268 317
158 389
19 40
115 227
128 68
153 179
281 202
152 175
205 2
143 12
127 111
366 65
316 214
272 388
7 269
147 45
135 346
116 388
367 311
4 236
217 86
152 338
189 81
331 83
392 290
197 102
271 210
330 370
33 300
88 374
69 36
176 190
131 303
359 130
327 105
1 83
96 365
116 270
310 311
197 112
73 162
143 133
333 58
48 363
159 202
67 101
153 260
158 283
316 287
103 83
156 47
343 394
215 222
73 301
305 321
50 292
66 146
271 63
242 323
84 336
139 4
17 60
194 341
173 137
63 196
229 130
167 290
85 221
364 293
104 284
233 395
304 123
94 292
113 117
366 79
131 172
66 397
250 213
268 127
252 237
3 182
263 86
267 90
382 122
144 110
145 393
117 311
164 206
390 328
212 60
352 24
276 12
194 282
365 27
352 45
359 24
77 122
211 68
191 377
310 336
301 288
227 355
390 107
181 311
162 51
285 325
359 169
168 44
265 137
355 71
42 105
121 118
72 373
304 106
372 60
109 324
133 83
376 62
17 307
245 221
7 151
18 9
280 254
147 341
69 337
269 114
160 122
225 392
140 323
84 363
387 172
131 12
248 14
253 384
329 307
301 277
160 110
263 322
328 71
242 30
143 78
291 254
65 44
10 297
167 293
234 307
7 295
10 102
95 71
289 317
168 89
176 395
173 350
163 342
184 338
368 180
270 52
297 146
94 182
37 150
39 387
74 309
141 106
78 12
292 162
252 323
77 205
42 56
131 114
380 299
304 358
208 238
107 2
178 52
224 90
81 310
3 296
223 395
205 341
241 203
234 311
363 395
94 88
50 256
55 52
164 210
164 324
159 303
310 161
329 303
197 239
142 70
320 393
125 221
197 372
69 66
98 397
234 30
40 13
140 21
147 5
38 56
367 172
241 262
102 216
173 88
212 255
81 95
182 68
365 325
17 230
11 29
357 68
92 213
66 168
369 287
305 188
255 6
30 385
217 392
183 339
243 294
26 49
317 287
202 187
143 43
199 264
353 238
112 265
350 370
380 382
176 291
247 354
84 155
389 13
249 312
326 58
96 171
35 124
302 129
31 323
205 150
136 254
351 8
67 335
203 71
387 47
295 236
135 324
312 79
81 123
258 310
356 216
189 284
147 270
125 137
93 296
173 67
289 200
152 279
235 40
48 100
18 166
110 36
308 44
163 305
190 71
19 353
38 138
391 337
241 338
199 30
195 93
80 374
0 265
74 210
256 307
147 290
98 284
19 370
234 259
195 61
312 328
173 154
398 342
318 322
352 309
223 375
54 72
224 262
295 57
205 265
220 111
266 47
181 182
217 55
314 355
54 108
96 112
92 165
281 194
128 336
226 83
10 270
78 374
159 357
64 260
176 307
326 253
176 71
9 248
240 373
18 270
96 311
10 272
366 226
113 68
150 322
126 275
350 336
227 305
349 371
323 394
227 329
84 90
9 288
152 155
115 338
239 1
353 8
315 283
20 98
48 68
355 348
85 395
271 119
179 27
105 216
349 209
372 203
54 117
177 219
386 373
230 219
306 119
98 55
96 347
97 237
46 311
257 288
123 348
128 270
371 395
140 303
4 244
109 130
349 40
218 122
371 290
218 166
334 170
76 360
274 57
156 338
16 80
132 23
294 267
48 64
316 332
113 29
42 130
170 51
10 192
355 237
195 145
140 75
94 301
345 203
232 354
93 155
223 328
20 63
84 255
156 367
327 301
136 13
113 190
128 13
143 267
272 309
5 246
42 23
258 233
243 68
282 2
289 347
17 387
263 231
242 361
326 9
37 185
383 180
390 171
121 230
94 381
330 236
128 208
266 206
3 320
50 336
104 187
121 295
81 320
232 47
292 12
142 112
392 282
200 91
334 187
53 280
356 260
380 234
351 370
66 124
73 234
194 65
368 65
263 78
117 254
267 83
215 146
93 244
79 187
351 167
361 4
84 146
391 129
20 353
65 204
199 51
48 203
5 119
382 29
144 388
302 265
112 52
344 4
323 229
178 255
84 41
258 162
291 316
259 395
184 370
126 283
372 55
328 373
223 309
326 41
85 346
274 127
340 291
19 272
304 342
352 123
147 71
220 23
184 166
259 293
20 259
76 198
87 361
380 150
22 397
352 300
105 91
200 357
239 6
109 29
88 60
274 246
334 397
220 44
368 287
158 23
142 36
313 395
96 186
45 213
159 55
110 385
199 193
345 222
234 396
349 60
253 41
255 210
389 186
218 191
126 312
141 157
201 371
274 209
70 193
70 318
153 104
126 342
331 264
272 175
344 394
173 130
264 328
327 93
215 273
242 273
225 239
228 63
255 254
94 329
235 129
85 40
355 284
285 397
63 171
252 21
46 102
281 237
225 91
26 186
369 156
48 46
359 318
286 11
235 264
215 104
278 321
286 237
112 12
18 330
195 0
158 129
339 396
220 78
4 82
229 196
224 24
25 64
94 270
252 335
265 90
257 186
350 166
362 107
97 396
84 381
391 309
256 305
76 103
207 385
22 186
67 356
116 338
152 278
53 72
178 209
49 52
266 365
42 180
117 155
163 291
334 294
249 285
380 138
344 175
76 273
5 279
84 81
176 124
252 102
201 272
363 83
64 209
135 394
77 66
180 2
159 374
263 267
315 137
46 283
7 74
48 93
163 273
242 206
314 343
323 186
50 312
80 114
398 296
80 283
201 112
276 296
281 233
164 313
115 240
140 24
104 278
266 229
15 193
289 137
177 341
163 107
233 377
285 68
333 244
306 246
333 257
359 182
340 167
328 283
326 354
173 270
255 283
205 129
217 124
258 381
242 105
176 300
151 387
252 130
200 12
199 203
123 303
271 40
160 358
289 24
392 118
84 93
61 196
126 191
239 103
249 290
258 88
366 283
120 216
271 318
304 5
275 155
235 236
149 231
253 49
181 339
380 110
191 236
48 41
333 269
241 336
269 165
271 360
195 24
148 170
306 155
133 325
318 108
7 338
227 341
59 364
158 89
334 162
340 12
53 388
132 341
19 203
306 371
41 335
107 237
113 174
243 324
230 60
177 134
94 387
75 332
249 280
46 387
197 295
1 52
145 89
390 398
257 68
94 278
296 348
232 175
230 311
243 285
50 43
314 110
278 166
330 130
319 233
379 56
340 364
308 311
31 220
38 9
226 321
195 88
391 393
382 100
341 129
285 290
178 345
215 211
386 322
280 259
227 346
203 13
170 130
352 75
149 61
351 265
392 91
380 83
344 45
323 207
386 309
147 98
319 70
223 156
398 355
33 193
281 179
268 280
233 237
149 219
365 97
253 55
159 40
352 323
319 230
301 14
155 300
215 393
103 146
225 236
165 187
151 246
319 389
272 107
174 57
87 97
206 71
259 322
114 216
361 360
144 83
197 22
163 72
297 384
165 60
73 360
128 194
94 192
38 246
93 246
255 198
391 63
148 60
358 198
159 310
241 318
295 108
142 63
116 83
365 108
178 100
43 397
30 60
351 307
266 241
224 389
268 275
286 234
212 59
40 279
32 23
125 175
141 138
331 205
206 251
242 267
242 130
143 193
225 89
223 248
201 21
276 4
266 104
319 262
282 381
310 137
304 367
67 52
102 198
228 385
182 166
126 154
3 278
31 367
158 59
264 248
241 95
95 277
305 186
218 192
200 8
144 80
69 363
148 307
131 387
270 321
147 273
7 264
62 259
105 244
0 310
10 304
169 290
220 4
18 6
126 123
324 238
323 82
301 377
37 236
110 71
61 260
181 97
339 193
326 341
116 64
233 287
156 222
258 93
268 364
38 39
10 384
217 119
11 56
22 393
255 273
34 296
391 248
97 298
49 244
87 207
255 260
154 347
151 305
92 267
334 253
253 166
362 102
77 46
59 103
257 71
378 251
201 52
134 110
264 130
113 348
11 279
250 378
182 288
337 154
87 130
317 82
391 302
352 377
249 78
156 315
28 213
375 397
48 377
35 300
302 65
40 124
9 8
54 347
38 187
230 172
272 399
272 254
38 256
376 60
138 118
302 329
66 45
217 30
117 55
180 342
200 348
208 209
281 119
344 8
375 198
178 304
365 321
245 23
151 377
85 62
217 145
263 379
67 233
327 88
183 156
154 381
331 110
272 68
266 342
159 99
266 288
266 27
304 267
289 271
261 332
225 46
281 193
295 394
157 248
20 287
19 182
349 44
176 123
380 287
132 354
134 355
38 216
179 172
76 58
314 80
116 387
358 321
339 248
143 46
344 29
37 256
203 277
254 288
310 284
351 68
183 119
127 108
334 134
366 374
225 308
281 338
344 21
383 338
9 230
324 188
42 89
228 309
174 328
164 75
59 21
32 103
59 180
361 145
323 375
136 63
66 318
289 309
285 355
255 396
391 45
25 51
131 2
38 170
43 23
138 315
110 214
116 175
113 179
3 240
341 213
135 152
269 175
337 219
333 174
66 364
102 394
147 167
94 129
344 367
227 317
125 78
138 106
85 64
35 86
201 226
369 81
319 312
362 301
38 342
9 64
398 8
235 151
131 119
319 285
133 395
241 162
362 93
38 288
183 284
18 357
160 372
64 325
302 216
113 355
48 280
73 312
189 255
323 56
361 175
304 154
61 36
200 193
9 161
155 284
339 13
74 130
35 336
386 105
218 137
359 296
37 237
194 284
150 219
7 374
240 395
352 95
220 71
234 58
276 233
234 287
66 278
75 284
205 88
281 305
331 93
38 130
11 68
93 342
31 33
326 300
218 358
274 91
79 14
180 122
140 269
20 294
286 24
340 182
7 156
253 24
53 214
275 130
174 296
292 58
247 9
62 68
131 336
116 39
77 245
252 398
205 330
157 375
380 161
297 192
142 148
253 222
77 175
135 155
42 169
104 169
78 166
365 393
40 394
345 120
112 348
239 208
92 55
133 130
384 287
48 155
315 237
53 300
85 294
144 60
369 337
144 187
135 373
15 169
266 90
228 101
343 118
157 237
181 17
247 46
177 175
42 288
286 238
280 307
53 60
10 337
131 267
352 170
28 13
131 71
200 122
154 137
261 373
312 393
327 182
306 120
275 83
158 275
178 300
177 297
326 240
18 40
59 341
201 62
157 28
228 45
390 292
349 89
344 275
105 311
10 200
142 280
352 357
0 86
85 36
390 208
37 170
221 101
386 347
323 170
276 354
136 120
329 188
180 209
180 185
319 156
280 284
151 14
73 90
160 305
125 321
225 251
218 95
143 262
163 374
20 104
38 358
250 367
77 285
31 82
190 14
102 290
103 122
326 393
217 102
354 303
392 175
199 353
92 259
223 378
323 282
125 361
297 49
85 86
67 82
28 231
7 200
1 298
222 251
282 374
59 51
162 332
380 64
125 312
223 254
392 49
167 348
121 221
327 154
175 393
201 312
225 168
178 288
263 329
235 278
316 119
345 303
177 384
31 14
164 137
205 336
115 78
177 357
351 269
125 167
215 47
326 123
296 60
69 211
210 288
308 287
167 88
38 161
99 124
33 101
18 89
143 360
314 394
341 309
144 192
224 186
359 91
20 151
291 161
66 5
258 204
217 161
125 49
96 1
272 288
65 2
164 33
383 145
109 200
128 263
344 356
42 292
327 194
361 335
225 107
280 90
178 227
326 277
240 86
32 192
390 102
191 190
245 56
208 335
323 203
50 58
281 95
48 213
305 29
18 8
159 234
38 71
344 210
354 309
15 145
331 39
297 231
160 251
113 13
94 155
217 137
189 27
367 130
163 231
128 180
53 134
155 185
30 172
50 237
295 209
42 367
372 377
222 198
135 167
147 170
254 293
228 294
121 276
3 221
202 40
361 324
94 81
281 91
66 169
99 318
391 136
338 332
25 283
176 357
281 260
197 296
327 57
249 119
138 97
345 170
126 51
199 213
212 122
25 88
25 236
148 265
330 122
202 375
200 277
148 166
96 257
371 180
378 240
163 397
292 154
235 378
267 231
294 103
32 161
353 374
157 238
339 262
217 151
331 361
189 9
25 41
74 396
48 285
234 188
118 236
366 265
234 78
53 35
109 174
203 186
62 240
264 377
151 51
224 354
34 257
70 251
131 348
107 137
301 213
349 213
352 394
1 119
269 397
249 146
361 251
363 166
149 187
38 253
333 179
383 52
160 80
352 49
178 102
77 172
103 246
31 122
32 324
380 12
32 231
173 316
165 238
48 169
173 272
201 300
10 46
313 260
291 13
362 341
197 263
314 254
271 231
372 273
388 47
158 154
375 260
192 196
206 90
95 204
103 51
294 273
205 305
0 318
54 387
263 377
376 63
31 211
220 328
388 213
349 32
163 209
159 36
138 300
132 186
20 210
266 300
281 280
16 365
247 255
94 15
292 257
388 172
343 6
304 324
84 231
180 60
85 385
242 102
212 350
369 83
225 136
304 155
77 324
141 339
22 317
383 278
165 277
153 329
250 388
147 151
295 58
190 44
164 222
201 384
6 279
115 46
38 202
48 220
331 271
62 86
93 89
16 330
331 353
296 130
352 329
376 21
312 293
77 322
258 309
74 384
109 39
63 216
16 297
181 277
85 101
350 44
380 185
223 360
176 237
143 138
19 364
156 124
102 238
344 272
34 298
243 246
317 290
107 101
177 90
264 57
144 203
10 13
50 172
96 356
93 237
179 270
99 328
391 387
359 30
95 381
4 44
80 316
126 336
334 4
62 364
20 49
69 287
218 200
179 168
289 284
383 81
252 150
372 27
169 322
118 198
295 324
32 86
258 370
358 68
50 129
226 389
99 257
125 308
46 64
135 300
97 82
208 311
245 185
61 347
135 234
79 130
324 196
268 168
362 396
132 346
274 118
205 367
3 95
199 188
112 24
252 377
315 293
84 192
40 111
136 357
369 170
43 358
206 321
200 335
225 99
141 64
73 356
241 51
34 211
261 301
249 88
388 322
280 101
252 29
134 27
286 214
222 12
20 301
215 78
339 150
182 72
151 354
349 240
334 313
27 51
376 300
305 51
398 260
144 226
48 188
34 312
200 336
160 330
190 166
310 101
184 17
302 330
297 393
266 361
382 221
181 58
176 111
247 234
22 387
341 122
235 339
76 127
50 271
292 75
306 207
323 61
286 40
54 337
181 302
223 337
85 61
116 155
390 226
136 124
42 134
173 241
228 337
369 89
193 188
266 6
21 277
92 40
339 395
184 324
339 210
255 186
199 278
235 361
217 246
339 79
240 298
80 379
220 208
270 171
265 204
329 13
158 244
195 97
144 298
265 161
159 192
250 97
109 387
184 194
369 358
250 209
117 114
362 44
48 208
366 263
242 254
25 231
392 237
10 40
176 233
296 13
218 389
91 214
92 64
270 298
165 161
199 132
258 276
380 17
232 139
241 356
276 251
202 169
253 95
398 60
48 1
258 166
149 186
112 262
225 377
261 288
151 298
359 175
302 12
333 367
229 124
112 338
6 129
247 322
245 277
239 63
201 202
178 377
263 300
167 399
159 301
156 307
164 108
304 41
302 283
250 191
372 214
18 300
139 230
179 348
220 300
85 68
182 229
30 277
158 152
304 45
133 8
54 226
42 110
218 56
128 27
333 168
380 41
261 396
331 90
199 365
58 161
281 361
331 171
144 330
78 287
0 244
274 317
77 397
25 210
98 355
387 348
95 332
365 367
308 52
168 348
200 58
66 162
281 64
184 384
64 396
331 103
160 39
116 330
226 57
333 280
386 318
164 260
331 216
358 44
242 145
314 198
117 193
183 111
173 285
84 152
343 192
116 107
74 192
275 204
269 284
69 185
390 270
391 219
49 260
117 308
334 174
281 114
144 129
141 237
372 88
144 22
41 370
228 24
248 106
46 374
84 186
245 397
248 393
152 118
247 43
337 236
349 361
156 293
359 371
160 206
102 24
162 185
212 93
258 278
334 251
109 296
239 8
116 350
341 377
250 234
217 9
79 299
316 342
42 59
148 374
263 396
143 373
22 79
43 120
224 253
64 122
242 295
341 188
116 101
268 134
131 239
80 170
77 120
39 259
255 293
226 2
280 315
128 285
272 208
289 321
165 44
99 246
149 123
390 389
17 229
327 40
75 335
398 259
232 90
177 244
112 162
349 263
100 44
376 263
157 300
128 253
280 214
94 108
127 393
104 348
201 168
165 377
55 336
125 332
104 130
326 330
103 251
268 237
7 127
276 399
344 74
177 79
126 301
340 83
192 216
153 35
98 82
275 14
115 70
70 310
361 278
173 395
87 186
302 23
39 222
116 59
264 348
100 106
53 68
50 208
148 180
233 307
37 171
334 388
117 1
98 49
25 356
94 239
136 348
176 74
48 138
141 264
184 70
102 47
92 193
345 72
343 307
33 97
107 29
261 101
327 345
242 230
331 206
37 308
375 321
266 285
333 222
84 393
218 303
19 59
72 346
140 220
182 244
110 122
181 207
8 395
109 330
217 313
156 330
19 358
5 111
333 72
296 146
217 40
17 51
41 186
10 335
376 207
368 95
164 296
54 292
144 171
232 382
131 86
138 72
343 230
313 219
38 93
99 278
155 52
228 214
328 251
3 367
100 204
380 284
85 11
310 86
7 133
364 90
87 372
369 196
53 318
151 204
269 384
391 105
113 134
3 130
344 399
369 8
31 231
269 350
72 129
208 111
263 36
212 82
42 318
319 297
176 392
276 186
389 44
189 78
378 233
225 83
163 237
259 325
115 130
211 399
354 137
85 127
113 338
136 315
17 111
362 337
255 190
104 60
271 284
95 186
338 284
96 103
43 381
383 282
149 90
327 378
152 370
113 214
70 348
96 273
30 56
20 81
345 347
99 52
157 219
58 373
258 332
42 91
398 169
141 74
261 248
16 325
176 91
107 188
266 226
85 313
48 6
225 219
115 264
226 277
382 209
308 198
127 146
162 335
131 120
294 68
126 307
390 74
27 124
217 120
271 166
76 363
306 61
221 82
115 295
38 255
3 321
274 360
107 279
265 124
367 325
116 136
167 240
73 396
159 52
54 182
240 342
252 372
262 83
54 208
73 305
362 206
319 62
50 265
249 67
69 202
3 154
10 193
302 188
55 298
383 133
42 255
42 155
372 154
147 287
334 6
115 122
349 167
20 129
132 267
349 295
26 328
140 294
25 244
164 63
15 213
235 187
110 89
158 108
128 152
235 357
94 167
191 240
54 30
39 355
297 186
53 112
115 343
270 29
259 219
62 214
212 398
190 124
289 221
367 231
221 322
313 155
10 146
179 342
232 162
181 253
125 245
281 72
158 214
329 187
301 209
189 35
386 59
157 120
17 373
353 320
128 61
199 244
362 260
37 148
274 337
144 325
131 371
253 193
37 301
184 262
26 188
180 56
217 28
327 239
15 124
367 236
194 216
126 313
112 238
362 14
70 203
28 321
224 292
189 260
113 9
136 55
312 150
197 150
141 226
212 222
375 293
151 360
301 397
15 23
243 255
334 239
318 374
224 296
199 316
220 55
215 284
371 119
141 33
110 146
211 89
41 346
138 27
46 111
206 13
138 88
105 186
16 318
201 101
199 332
297 150
141 332
158 270
178 162
141 373
202 279
17 341
46 28
0 397
218 302
173 399
43 63
76 367
258 132
65 83
16 58
76 275
1 56
73 110
225 302
217 251
105 60
215 52
87 297
34 129
227 60
371 172
80 110
392 209
16 45
340 129
224 65
263 315
138 161
201 166
364 14
8 244
120 68
191 244
132 44
326 291
191 120
224 171
139 328
169 342
69 134
289 27
113 72
17 172
352 317
281 244
88 56
253 63
189 13
105 354
121 389
149 202
76 27
310 277
25 295
147 238
383 190
271 325
87 271
143 0
380 122
266 284
5 47
324 89
3 129
74 82
126 345
253 204
67 377
35 335
160 24
271 214
170 299
249 324
223 33
125 196
369 227
110 187
215 396
362 70
217 322
16 88
40 288
95 260
250 122
84 28
80 310
323 4
182 385
8 293
65 321
228 304
177 118
378 61
351 244
326 308
39 341
250 174
368 30
163 378
88 57
383 298
211 244
131 288
167 299
265 321
262 213
50 27
333 45
70 28
157 130
77 221
164 9
16 292
208 89
253 259
136 103
243 303
76 24
212 17
145 57
131 182
376 81
306 392
94 222
135 193
26 156
140 227
334 265
247 297
4 56
62 170
76 357
199 348
184 302
376 198
315 60
138 57
35 89
134 190
3 374
3 148
255 229
157 389
46 208
180 381
96 101
107 299
243 273
233 29
351 207
383 348
26 146
38 287
174 324
147 371
183 168
323 381
140 65
281 191
341 385
345 213
9 335
312 90
30 111
212 299
96 239
333 27
380 253
327 382
17 57
195 378
74 379
289 134
113 246
353 346
368 182
39 88
184 21
289 341
0 395
302 123
295 192
235 169
225 246
199 6
218 329
391 255
375 284
182 71
291 21
84 397
386 230
239 389
115 393
250 32
220 175
331 108
252 74
184 271
139 60
343 309
26 172
292 293
39 364
190 24
249 105
356 83
365 203
220 381
359 279
349 180
175 172
144 156
361 30
314 297
91 186
3 29
191 233
49 60
344 108
143 318
391 194
66 83
156 110
330 309
215 101
128 265
34 105
35 14
272 233
372 305
79 13
174 350
297 203
84 322
99 180
312 254
26 175
270 299
116 40
220 51
127 171
48 216
100 346
69 345
22 137
306 343
207 51
189 270
73 40
256 346
147 355
354 214
352 353
349 294
355 251
382 273
242 182
199 119
239 265
4 381
107 185
173 336
191 283
144 313
131 321
390 150
280 248
241 321
176 90
384 101
318 311
228 397
334 198
382 262
289 105
178 22
297 301
210 82
42 304
39 310
334 330
291 399
201 320
210 129
45 395
105 127
340 4
267 44
66 332
378 65
351 65
134 137
352 209
245 219
143 108
158 233
376 91
376 28
330 322
262 188
37 299
259 14
156 188
121 22
153 387
363 28
70 186
116 90
87 23
103 111
326 230
254 86
96 56
136 188
391 68
224 396
148 86
372 196
69 171
7 365
223 257
46 145
372 367
360 68
98 296
92 190
217 56
96 145
165 260
261 14
232 389
169 101
154 397
33 358
357 322
243 346
351 378
31 397
125 86
264 277
26 86
195 382
43 107
35 244
125 52
222 236
261 157
15 389
20 40
340 262
39 119
328 14
11 175
340 209
156 287
142 71
376 259
139 137
92 312
249 91
80 221
54 103
242 56
181 374
104 23
352 120
272 320
220 172
376 304
326 65
215 240
308 307
235 216
167 305
92 345
27 52
326 236
220 102
390 278
135 120
158 342
88 393
163 15
54 257
75 231
96 287
378 64
92 44
306 136
109 129
77 44
392 332
152 311
225 357
240 307
173 246
125 348
295 155
31 57
131 226
289 72
386 58
355 14
371 193
160 259
132 30
135 325
53 384
226 154
152 146
67 145
230 307
391 203
215 190
258 134
169 68
40 293
289 312
340 239
147 399
306 221
355 24
285 244
274 204
316 137
152 262
160 204
243 107
26 301
250 307
125 371
118 14
76 322
158 338
247 47
390 110
181 222
224 169
144 0
175 325
266 335
87 27
344 51
327 0
159 263
319 329
378 111
177 1
37 133
386 5
215 202
159 322
319 132
234 330
205 161
191 354
113 205
323 236
133 188
225 132
232 337
159 395
223 182
11 296
54 40
121 213
225 322
115 272
174 388
9 24
135 284
230 370
88 293
19 293
37 364
173 278
48 239
215 193
261 300
359 167
42 45
243 265
388 290
96 348
118 342
28 395
194 72
11 229
319 239
94 398
343 190
218 378
243 127
189 272
366 35
285 8
328 12
39 397
285 169
280 356
217 234
181 190
41 124
42 36
112 61
375 44
54 145
340 253
27 146
232 117
301 332
232 288
306 282
95 83
197 93
223 219
392 265
115 378
3 12
10 227
4 293
138 2
274 129
345 248
241 47
369 263
184 41
140 358
218 354
312 338
225 118
259 377
183 272
263 137
239 110
40 2
383 187
174 203
212 168
31 392
7 245
1 219
208 51
20 325
62 192
128 120
250 166
258 388
63 47
390 58
305 279
362 329
230 246
292 374
360 36
210 374
152 310
212 384
241 190
38 325
18 129
392 315
84 323
349 0
31 108
295 63
16 275
85 179
92 88
138 124
33 350
281 206
193 287
249 256
351 174
117 82
269 377
32 273
149 103
383 309
76 155
329 385
173 187
256 186
350 146
46 83
360 395
258 22
267 300
109 267
151 399
117 393
234 290
361 124
264 387
125 62
390 11
273 325
352 255
234 360
37 106
269 303
286 296
235 336
169 36
54 46
337 29
96 288
97 287
80 101
167 6
77 307
140 284
319 210
168 303
126 134
250 365
25 196
179 284
344 90
383 200
34 234
250 294
162 122
191 332
128 297
54 353
18 102
252 174
142 198
97 187
212 106
48 379
10 204
252 188
355 111
69 71
46 78
313 8
11 347
359 257
96 168
328 381
281 257
264 52
66 219
398 309
84 193
297 169
75 90
340 313
140 186
16 295
386 187
339 108
32 27
45 260
168 47
197 356
26 190
152 55
179 124
225 134
42 213
67 279
65 47
195 103
50 343
331 356
351 317
115 71
163 138
247 388
131 398
323 60
192 325
116 294
164 303
19 262
235 255
181 111
37 91
240 101
274 106
301 172
272 27
254 51
50 93
380 288
369 354
379 108
350 244
333 165
245 107
75 309
398 52
139 303
0 196
96 148
84 394
21 370
41 209
387 290
297 270
379 236
353 79
220 100
389 60
243 227
386 297
65 60
228 107
384 216
390 227
194 55
34 239
271 185
310 231
116 14
382 238
194 170
48 292
304 329
69 246
224 205
19 171
42 47
350 12
297 399
226 290
7 388
88 395
282 24
323 270
212 21
116 145
43 72
117 78
157 41
191 175
312 91
369 68
220 270
349 112
45 288
79 342
327 264
312 40
222 57
3 316
222 335
333 372
63 246
324 51
302 299
202 102
206 145
248 204
280 318
368 226
58 214
180 111
220 329
357 373
73 208
158 305
261 343
26 2
334 203
304 124
118 298
239 284
81 68
69 43
361 233
258 375
272 338
11 51
301 279
11 236
387 82
76 307
264 233
289 30
384 44
228 302
266 180
112 30
351 347
138 29
43 78
212 15
95 82
19 260
372 350
345 300
141 316
37 88
91 161
95 300
20 222
97 89
25 253
40 51
286 381
16 210
143 207
333 354
141 112
98 308
313 389
121 392
112 95
181 345
32 78
297 145
223 265
34 373
310 373
387 374
272 350
131 210
334 229
197 389
271 60
294 373
383 357
32 265
158 310
177 8
243 80
16 239
368 194
306 23
131 90
272 293
252 63
160 165
53 294
85 66
358 60
16 346
356 246
18 388
242 165
74 137
134 373
25 303
183 136
153 320
383 290
5 57
328 129
257 111
142 273
285 203
177 103
93 169
349 110
141 248
31 0
181 267
176 329
159 239
344 105
74 259
314 372
224 279
147 397
319 129
66 222
263 210
241 311
320 307
131 389
107 12
54 377
59 161
215 305
164 93
175 251
97 325
125 210
327 172
92 394
223 355
306 44
361 221
202 5
123 111
97 196
18 100
156 129
16 56
141 309
269 393
392 36
87 61
34 265
289 1
245 309
212 43
205 4
92 324
88 322
242 175
399 108
320 90
159 88
87 272
297 213
141 251
96 253
349 36
164 273
379 188
227 123
19 398
359 251
338 307
368 13
53 70
261 81
275 308
136 41
21 60
84 260
175 381
351 123
162 348
386 292
223 27
92 302
340 354
286 127
353 1
197 146
33 236
183 257
93 154
126 226
228 30
3 262
369 379
5 251
378 44
317 236
382 335
178 245
67 229
399 129
59 118
176 356
18 44
202 186
159 321
323 254
264 64
48 66
360 290
87 241
239 57
280 373
32 165
247 270
310 13
69 248
286 322
153 251
87 347
109 325
208 57
33 119
183 240
42 166
326 119
184 211
245 123
156 71
241 346
252 216
112 106
358 101
359 205
93 28
285 150
0 61
218 256
142 78
141 297
203 24
235 36
302 221
105 284
170 124
158 304
125 396
275 161
217 46
38 107
218 337
343 110
212 166
258 219
77 127
3 364
195 373
226 89
375 171
280 72
93 317
33 244
96 381
295 150
183 99
191 162
390 168
18 241
54 136
275 44
128 29
331 44
271 259
183 236
383 119
243 312
96 150
0 190
53 295
25 332
383 108
339 357
38 343
217 130
189 346
142 93
67 265
254 24
360 204
84 313
179 65
59 238
258 221
189 244
133 196
197 55
34 302
323 78
255 207
217 236
183 182
243 393
80 186
177 55
50 328
224 122
200 287
275 57
77 350
330 373
337 198
351 295
256 395
189 101
386 13
74 146
4 60
156 111
352 175
64 397
55 68
266 278
317 188
175 397
27 381
334 43
9 23
34 122
282 370
383 43
26 310
296 298
158 210
266 58
210 219
327 276
143 22
38 29
125 207
318 12
380 343
222 71
163 45
289 337
331 318
218 367
258 192
110 311
70 106
38 293
276 107
181 231
235 108
352 155
113 62
312 111
10 262
317 348
327 130
334 168
281 0
135 264
163 151
91 381
74 27
94 237
151 262
164 214
84 262
220 277
22 346
164 112
67 192
225 220
125 182
148 260
250 170
174 120
142 175
366 214
3 17
243 6
117 301
193 394
344 318
74 122
371 221
358 106
67 91
340 205
208 279
41 198
26 330
208 244
197 367
315 57
33 23
255 358
87 312
148 207
94 335
157 364
132 161
0 193
95 101
140 83
93 385
253 336
70 63
132 364
115 68
255 237
133 51
125 350
20 251
256 208
369 130
386 1
212 207
84 17
194 379
291 124
121 179
272 63
17 288
249 305
197 233
65 57
222 336
302 273
88 137
291 204
252 316
289 209
197 40
306 70
215 165
30 260
131 299
194 107
278 196
118 129
376 206
142 14
160 120
87 284
191 387
32 278
148 198
233 322
240 14
150 237
156 248
276 290
66 267
243 311
34 192
206 284
133 47
170 171
292 229
305 332
191 8
391 49
116 81
326 374
357 60
265 348
326 154
69 39
170 146
261 240
195 133
159 371
242 322
331 170
163 285
81 170
54 280
177 248
225 367
338 381
232 279
85 186
148 301
217 283
354 198
136 51
344 2
389 29
26 240
281 58
258 145
184 120
386 79
49 44
20 122
289 161
131 316
206 393
115 56
144 174
15 187
46 91
270 122
392 336
73 302
324 216
117 102
16 55
54 14
9 196
158 208
334 348
205 229
10 295
294 348
98 322
151 346
99 317
323 332
182 300
376 345
363 6
184 332
310 146
77 267
144 88
243 283
158 192
217 347
387 309
368 276
184 182
352 112
235 71
359 222
99 4
369 251
34 64
296 29
21 122
20 1
343 221
286 89
34 377
159 123
333 363
69 106
50 309
37 151
150 82
386 298
383 65
390 355
121 170
182 222
195 345
77 162
345 336
383 134
147 4
199 234
21 119
240 171
355 396
226 5
281 56
76 162
326 248
272 30
94 150
117 123
230 209
120 321
235 291
225 240
77 356
391 112
189 378
223 105
297 379
362 367
140 100
276 279
70 355
239 72
170 325
247 120
330 82
354 51
170 322
0 130
39 23
149 377
170 293
27 219
61 185
136 49
281 231
105 5
157 270
173 277
142 206
362 363
136 310
199 313
43 24
264 78
180 172
144 108
349 196
165 251
39 35
151 219
253 203
243 370
148 190
343 208
227 282
386 316
5 89
58 260
76 88
201 132
128 358
386 374
276 379
169 288
269 322
207 283
366 155
110 161
17 358
301 214
92 122
126 310
45 287
152 60
53 80
7 8
195 213
38 166
247 179
28 303
160 22
3 310
215 245
330 347
199 220
61 146
168 287
26 307
191 57
133 375
136 309
158 133
313 370
302 2
9 2
291 318
366 227
96 205
10 318
334 288
314 15
39 154
229 251
341 29
69 339
21 279
344 202
197 285
134 219
142 321
329 347
306 124
100 219
136 107
78 311
38 321
218 138
156 348
26 136
103 231
195 11
7 282
334 300
125 108
285 377
189 21
125 157
355 216
289 367
179 332
19 222
67 209
25 114
149 361
351 322
96 265
20 395
257 57
258 270
81 188
365 290
399 172
34 267
132 185
391 75
92 188
235 341
26 299
247 117
153 336
174 299
228 269
274 322
215 138
74 374
371 186
243 287
226 324
362 387
67 103
369 145
159 288
138 120
62 355
10 396
344 338
362 167
319 89
281 337
340 124
92 301
59 236
201 357
388 14
10 265
286 275
134 1
158 44
364 172
306 295
160 88
271 336
274 275
201 4
167 58
22 207
16 49
278 106
249 145
326 43
313 296
382 68
344 240
174 111
224 219
262 172
4 209
115 1
46 342
7 208
227 35
250 156
11 120
245 399
353 57
392 395
183 134
18 22
69 272
84 241
266 357
85 270
306 171
224 123
42 330
268 303
190 370
355 321
271 315
354 348
200 246
372 103
177 241
223 214
286 290
334 244
253 316
254 101
345 88
116 396
112 79
314 138
15 260
292 36
268 300
59 214
145 185
147 374
312 370
94 385
136 347
81 122
232 198
382 103
134 108
199 0
206 55
63 12
43 230
289 202
369 364
158 11
389 377
193 111
95 196
177 60
365 61
291 355
109 305
250 257
367 238
292 273
352 71
120 277
313 107
149 41
296 397
286 209
320 309
79 204
112 208
215 118
329 68
109 155
271 187
258 4
135 377
207 198
295 246
142 357
85 373
289 47
274 117
242 65
59 393
105 350
378 288
54 62
269 150
177 110
15 257
334 60
232 129
153 305
305 166
127 373
286 346
88 311
132 47
96 110
48 219
149 271
168 71
319 166
258 11
148 375
252 356
197 237
94 309
203 347
93 165
45 166
99 244
158 265
228 222
39 196
351 346
125 381
17 108
341 335
232 377
304 185
154 161
158 146
302 78
115 287
113 272
143 275
8 342
274 56
224 363
121 222
369 315
294 111
226 193
386 207
269 385
232 353
31 112
46 338
313 29
59 277
121 378
120 29
189 337
67 257
121 129
399 279
16 260
151 168
148 203
184 0
221 213
159 209
239 171
371 310
369 148
123 284
18 367
352 227
199 354
164 316
232 311
376 267
292 161
223 22
42 88
139 165
218 120
80 350
356 231
247 264
365 213
163 146
96 208
143 245
127 213
0 145
121 75
208 287
134 290
20 316
177 299
308 238
326 15
201 285
160 339
115 345
45 238
266 308
239 100
259 36
206 14
337 88
169 185
25 23
141 397
48 303
289 193
357 36
210 2
62 150
19 255
235 348
362 339
250 221
26 68
128 40
383 105
350 321
368 1
344 260
363 290
274 80
11 308
358 394
141 114
109 165
201 192
110 321
333 79
53 288
258 348
215 111
316 171
15 88
331 347
351 196
112 248
177 267
19 396
331 210
210 119
280 5
315 111
156 196
132 399
291 348
194 229
150 44
85 5
153 307
176 99
217 276
358 2
292 320
73 388
102 185
117 118
156 233
22 110
289 79
345 171
224 291
242 299
120 311
99 120
368 155
21 83
85 370
151 328
70 40
142 123
46 370
326 95
127 300
91 171
32 35
359 269
128 257
263 103
363 61
220 137
181 221
23 186
337 332
359 354
369 239
369 71
323 278
92 317
253 100
352 396
253 51
331 122
142 394
167 169
344 71
265 13
319 198
121 293
343 377
344 61
390 17
77 248
225 371
340 374
91 231
269 204
160 45
73 219
217 356
26 200
27 293
200 64
378 56
87 52
105 12
109 342
379 47
112 44
295 254
138 238
140 193
131 41
34 229
31 399
391 222
308 290
369 5
250 70
249 379
369 248
372 265
34 32
291 305
255 299
281 336
46 122
278 251
314 102
239 114
292 21
92 100
59 346
331 8
286 213
26 191
77 137
1 146
228 246
76 123
202 309
250 22
7 82
242 357
294 246
331 304
80 95
302 374
173 188
242 111
48 65
361 101
305 24
177 285
249 132
365 208
116 24
158 312
173 237
85 47
176 295
366 221
75 397
64 172
232 103
297 296
344 82
92 237
215 323
340 43
43 301
281 106
48 367
72 374
144 346
232 222
177 2
46 221
11 49
53 387
352 290
215 91
292 316
205 283
391 205
250 379
398 204
10 343
151 308
190 309
344 265
192 342
297 396
212 367
189 45
249 219
103 284
218 324
200 101
7 59
268 82
378 265
54 43
341 287
149 156
157 103
19 318
5 325
366 165
286 226
339 63
334 74
269 61
1 71
344 257
132 57
253 230
135 129
131 83
155 298
256 332
0 192
94 0
160 338
359 64
58 246
230 57
23 36
39 238
15 338
344 106
349 316
317 335
339 221
367 29
152 213
103 90
1 57
131 151
349 226
235 350
210 246
383 285
75 347
18 301
359 345
113 381
20 168
94 283
174 61
344 237
344 188
351 302
313 270
77 237
150 119
281 210
384 397
25 65
16 46
15 110
232 233
181 388
74 35
268 187
15 379
42 355
19 123
26 323
184 345
242 75
126 22
177 300
48 364
294 341
11 72
285 91
156 370
233 171
138 301
117 30
55 82
243 198
7 145
154 52
39 165
386 88
371 27
96 155
34 310
389 332
359 6
398 23
222 246
261 100
380 22
67 41
344 284
212 190
392 114
17 107
62 338
50 308
207 307
391 269
63 347
158 357
368 216
301 309
200 307
152 332
235 111
386 133
275 63
33 71
195 64
26 280
32 254
127 52
272 192
34 270
170 90
255 90
191 246
267 124
160 57
121 385
7 312
163 387
269 287
157 119
113 375
371 78
5 244
87 210
87 397
247 330
368 36
158 381
151 47
128 370
0 307
234 170
110 101
266 253
304 145
176 146
314 148
382 146
8 146
55 348
211 12
25 248
112 332
33 213
289 257
109 329
264 196
352 35
43 240
334 316
118 56
26 13
92 348
224 188
305 209
180 137
281 130
128 315
376 323
94 307
354 216
160 145
226 379
316 309
327 49
340 139
37 82
339 56
32 308
182 95
178 284
23 214
383 66
96 138
41 348
91 332
96 175
194 238
87 202
276 230
310 196
254 146
156 75
340 398
32 4
43 370
109 263
378 41
261 185
199 301
125 360
239 238
69 381
117 89
109 300
3 202
339 204
180 216
97 204
350 236
120 298
17 332
357 381
7 343
266 102
32 238
203 129
384 311
376 216
73 279
232 150
297 24
365 44
344 234
5 260
141 12
181 373
263 237
333 4
18 23
281 15
225 350
182 350
157 190
265 60
7 80
26 294
268 273
313 259
345 63
355 101
4 325
104 237
227 101
286 221
114 385
354 231
206 387
38 220
261 299
222 13
31 350
376 110
235 133
109 104
383 150
133 320
215 86
361 207
10 99
93 203
281 282
291 397
362 57
331 307
337 356
160 309
114 244
81 216
16 363
226 370
55 321
225 329
159 64
341 60
132 91
242 110
70 207
239 310
245 161
211 384
25 179
45 335
139 192
398 82
376 188
384 24
34 396
112 328
369 399
253 52
249 313
191 282
178 62
16 353
227 118
160 72
189 52
74 1
75 307
306 304
326 13
58 348
398 110
136 341
200 296
123 309
91 284
268 23
235 226
327 354
273 279
181 367
193 373
261 124
160 304
234 5
84 29
133 100
189 219
184 136
121 89
16 175
153 148
199 167
50 39
115 302
135 27
109 313
164 134
363 257
223 179
168 68
176 191
242 137
118 219
53 222
127 106
154 166
252 108
165 370
383 161
376 36
371 150
358 373
38 175
227 36
345 207
191 123
341 108
1 309
42 398
121 318
160 46
32 185
383 162
221 244
62 317
201 107
326 91
17 24
181 202
218 347
227 103
134 233
151 288
19 279
125 292
267 307
104 111
227 78
73 1
10 240
233 68
54 237
159 33
194 296
252 332
84 49
361 193
184 28
162 307
157 335
266 132
368 101
100 83
205 396
240 13
133 240
19 277
218 394
33 257
94 255
259 86
34 353
341 277
164 43
10 339
203 236
331 129
59 35
364 137
10 375
113 276
40 185
297 336
48 371
365 259
229 204
390 106
180 196
174 260
268 325
233 332
343 82
398 307
15 5
383 275
345 60
174 110
349 30
200 393
225 55
149 346
218 214
206 150
368 255
349 127
135 255
358 111
59 162
98 51
301 188
225 305
164 337
170 307
160 381
183 175
316 108
242 213
372 171
80 311
183 302
386 209
295 355
10 254
398 288
134 321
152 12
215 148
297 364
176 30
379 137
152 103
269 107
375 231
87 45
368 47
225 238
363 213
261 179
54 29
102 83
128 321
380 166
201 152
15 204
160 229
153 240
141 17
17 187
79 101
330 231
295 244
398 146
138 213
74 262
133 45
154 86
326 55
145 277
84 137
331 346
206 301
248 196
269 51
141 329
250 373
18 382
261 78
340 231
268 298
113 296
340 59
148 162
133 49
118 394
256 14
84 399
151 118
96 389
275 389
313 165
218 28
318 307
138 5
72 283
228 358
326 23
212 298
247 58
340 89
271 90
189 108
158 241
232 2
334 367
398 338
217 172
53 90
331 150
280 60
184 297
158 123
178 375
199 161
135 30
37 51
368 172
0 288
333 81
54 124
201 263
154 13
341 299
390 198
242 313
109 290
94 21
324 298
266 179
257 397
337 107
361 45
218 320
326 382
243 321
263 203
345 257
144 316
100 52
268 145
67 277
201 90
167 107
162 187
376 51
258 241
147 185
152 309
289 191
46 324
74 168
333 297
80 192
195 273
75 83
10 171
0 95
176 196
258 64
149 399
184 219
94 187
181 343
368 387
157 315
126 175
362 185
218 226
351 119
191 308
20 89
174 222
376 208
87 67
386 0
72 171
50 248
262 283
10 283
286 63
362 28
234 51
173 68
59 102
201 148
242 296
15 165
241 52
59 336
269 120
218 88
326 79
177 317
110 124
376 107
224 329
95 209
286 43
7 120
151 36
15 57
6 381
74 346
201 24
176 269
121 200
389 198
96 354
42 193
365 204
20 288
197 339
361 240
87 370
168 251
372 389
319 145
358 86
11 254
155 293
390 315
389 71
224 336
195 202
247 301
390 317
189 373
212 216
176 192
274 200
190 336
69 45
96 187
65 251
38 330
228 336
125 61
159 231
34 104
54 269
388 381
181 118
304 393
319 246
340 330
205 91
292 394
220 346
250 354
66 300
164 119
143 273
38 127
163 245
178 365
151 187
128 307
43 287
352 239
109 78
201 165
103 299
250 4
247 49
337 336
275 394
235 292
18 275
39 97
351 134
328 246
197 207
263 79
32 119
224 227
88 187
200 146
354 89
6 277
205 122
229 12
206 356
18 97
16 123
191 83
149 364
31 118
226 175
217 307
84 100
258 91
319 374
18 95
128 302
3 311
48 91
323 316
96 162
248 161
70 342
121 71
354 166
174 385
134 395
35 377
289 256
281 192
326 301
94 389
11 360
331 221
195 13
165 89
224 239
164 393
11 110
242 106
155 287
368 154
69 263
84 272
114 347
326 98
156 270
295 78
366 387
74 75
136 374
376 65
178 132
11 355
301 347
26 193
121 339
281 208
383 387
268 97
164 8
386 246
154 101
33 219
105 4
318 14
42 167
96 304
270 166
215 253
235 374
359 82
150 309
379 146
16 103
100 277
206 288
117 120
141 192
372 315
363 396
92 170
109 186
235 56
272 52
31 278
73 194
168 393
372 58
109 335
59 82
92 236
386 360
102 2
247 22
296 166
234 137
340 277
215 291
232 211
391 256
180 290
112 187
339 196
390 132
128 335
66 346
266 394
79 244
390 104
229 293
176 119
247 166
252 146
361 170
69 277
93 106
232 210
48 205
63 24
61 303
351 300
233 57
242 134
382 127
197 284
19 273
351 90
140 310
63 237
189 188
365 120
160 68
113 202
38 323
26 0
217 363
221 311
314 236
31 345
252 388
153 64
164 253
359 237
250 62
54 283
341 2
125 72
183 112
243 133
69 264
143 354
116 354
273 209
368 353
132 175
329 119
4 348
167 207
102 60
274 355
0 187
19 95
399 111
59 325
294 384
391 373
247 291
3 292
323 329
143 209
194 209
18 372
53 119
144 367
380 71
179 188
363 2
73 206
227 300
178 370
167 267
354 82
25 112
261 329
163 133
256 103
131 65
331 301
203 36
266 267
158 62
225 174
215 9
136 388
77 302
163 298
314 9
16 269
183 355
267 377
181 303
33 14
258 275
72 238
326 207
6 303
334 357
179 396
371 129
297 320
42 296
98 30
376 89
222 52
168 161
225 312
116 295
314 24
50 82
261 287
382 310
274 70
206 63
147 245
99 185
9 360
319 196
272 188
388 71
140 179
314 304
257 12
142 244
270 216
383 394
302 108
11 41
189 32
128 280
223 11
3 239
272 322
104 64
87 170
275 254
59 311
301 12
153 375
65 186
358 47
93 233
364 71
380 8
275 290
294 329
330 298
361 257
273 300
176 12
289 12
113 97
383 358
197 309
156 21
362 292
59 155
0 203
98 137
249 93
378 119
143 47
115 44
138 387
125 301
9 166
252 389
199 219
243 32
226 129
285 30
183 350
372 86
123 260
312 196
349 307
91 44
386 67
105 342
4 396
45 185
264 51
386 276
28 244
278 198
289 355
253 190
96 322
160 300
365 101
118 90
135 203
179 277
269 82
327 277
286 256
295 106
232 282
379 277
93 186
206 283
116 168
269 71
349 186
163 12
359 241
73 338
30 348
79 122
339 35
9 127
201 1
358 146
267 213
398 45
177 311
153 83
20 264
126 35
139 207
97 377
32 114
367 347
215 398
249 15
153 90
271 389
70 65
235 303
33 154
224 273
19 154
267 237
345 100
16 338
252 208
48 284
264 207
386 378
366 191
25 284
138 290
128 275
202 384
164 339
252 299
151 357
19 343
141 55
275 207
85 238
98 186
383 166
46 332
79 332
306 255
94 363
33 346
227 316
190 209
126 112
173 265
133 120
271 52
379 397
167 364
392 127
112 111
183 93
202 324
105 49
249 341
53 355
193 14
392 60
217 303
371 95
326 67
341 219
274 284
177 279
232 136
366 393
201 309
67 175
263 373
199 312
125 270
301 283
327 39
249 186
388 236
5 395
93 238
197 399
234 374
333 273
74 290
26 283
239 298
96 310
148 28
109 214
43 335
345 387
42 280
390 12
180 82
162 108
54 1
183 323
227 248
58 188
115 120
345 45
43 83
40 36
84 220
116 74
17 311
66 63
20 221
350 260
380 267
7 240
153 347
140 1
167 265
134 187
75 108
42 293
139 216
117 318
154 299
96 299
26 273
329 47
75 260
152 209
197 324
135 338
276 165
391 364
159 292
159 269
126 393
132 120
343 79
326 312
250 387
353 63
350 373
53 276
326 139
340 318
63 393
183 393
206 204
235 35
50 137
147 93
30 161
136 146
341 370
117 324
179 357
386 64
182 88
177 271
197 106
139 88
344 117
3 196
289 240
94 169
173 43
37 68
5 146
376 4
114 213
94 337
41 377
333 5
25 287
131 298
289 9
333 387
258 67
134 192
67 24
369 124
18 354
390 370
295 399
327 230
210 244
62 221
211 237
3 330
66 385
266 271
327 146
96 36
223 393
306 90
379 13
182 322
143 93
85 35
281 47
84 343
177 377
0 169
320 24
375 86
282 348
132 71
215 63
31 55
142 301
48 78
126 55
181 110
268 367
391 133
235 375
92 192
269 100
53 27
127 397
252 75
258 287
103 396
194 64
163 264
353 4
229 287
258 5
247 377
343 260
323 283
224 236
48 152
366 392
180 171
107 56
195 311
314 222
320 290
215 213
76 205
159 294
75 204
35 12
115 239
302 317
105 185
17 328
242 292
178 323
76 253
225 70
34 71
15 335
177 165
153 172
19 324
73 392
152 114
69 95
367 279
19 389
134 129
339 303
16 302
99 399
281 124
115 347
334 155
206 166
33 28
266 363
206 381
269 24
280 171
223 310
297 88
261 170
120 385
16 304
250 231
398 58
177 62
31 146
85 348
242 174
123 60
235 105
32 259
224 130
258 214
152 265
191 267
174 236
183 273
331 151
144 40
356 51
386 214
159 83
22 288
222 83
292 267
250 338
7 370
199 387
383 293
272 355
386 35
20 103
241 287
281 138
250 89
271 254
117 97
266 110
22 210
164 1
368 71
21 111
164 4
359 127
197 311
179 63
80 88
378 193
302 229
306 342
126 365
151 165
203 188
368 398
313 298
278 146
354 52
232 74
376 40
291 44
64 299
315 82
37 193
128 259
50 193
43 118
158 29
59 124
34 203
173 44
84 182
205 175
310 287
232 343
112 172
210 394
252 303
18 202
329 14
202 335
184 360
11 6
343 210
350 231
8 106
255 287
194 27
182 122
26 185
200 342
243 358
70 379
174 389
114 111
398 137
302 171
240 216
228 14
217 157
112 45
376 262
391 23
125 379
206 165
225 396
195 307
85 12
242 59
121 194
31 305
235 49
201 210
69 393
224 360
256 1
33 308
326 186
116 321
145 204
354 373
147 145
33 279
11 336
362 393
33 150
200 233
225 356
380 239
220 1
351 315
136 168
149 127
331 9
139 49
362 161
201 216
48 271
256 325
85 278
252 209
69 161
140 375
105 279
163 254
26 119
110 82
206 317
353 36
371 214
328 60
398 170
306 283
104 166
212 165
96 132
109 0
131 186
144 5
339 238
7 375
275 348
17 303
115 59
399 101
189 287
125 186
250 148
305 47
159 238
131 27
378 388
327 205
17 55
125 339
223 244
344 170
160 127
252 193
149 205
313 1
225 226
366 308
254 238
117 246
184 167
34 55
178 157
73 170
274 104
105 64
197 302
143 363
345 58
313 51
10 119
31 36
343 257
264 2
247 211
27 322
121 12
225 346
97 101
210 122
281 200
314 381
276 342
212 365
92 364
296 12
1 90
227 347
157 95
69 209
4 89
128 35
266 203
314 251
182 61
344 270
151 347
184 105
17 165
31 260
334 207
176 110
212 246
85 123
85 150
178 200
295 89
149 171
53 211
46 335
74 12
310 394
15 360
376 297
339 120
70 110
234 316
315 290
297 119
265 166
247 191
178 372
398 89
217 321
369 30
317 396
376 150
221 335
43 60
7 97
379 68
144 387
226 332
81 257
73 185
365 175
164 364
294 175
289 307
174 320
158 2
132 150
50 11
308 51
376 88
144 103
337 213
263 95
118 187
225 93
234 321
149 315
361 230
114 393
327 237
80 282
104 56
247 100
266 100
355 186
120 24
164 190
59 192
54 305
250 79
107 303
85 280
339 208
37 112
189 63
150 209
272 246
334 302
261 83
365 230
3 208
223 341
139 107
390 29
19 167
333 378
326 111
197 283
372 299
247 236
48 370
117 52
158 227
212 302
99 97
390 245
16 355
84 35
96 328
388 342
249 322
26 179
286 17
289 382
182 373
291 2
34 91
152 282
109 396
153 45
227 106
120 303
48 240
33 356
350 209
390 343
352 41
189 105
160 211
102 346
391 342
87 313
302 45
380 241
331 279
324 396
7 105
17 231
291 267
148 130
333 55
253 216
140 214
152 187
217 269
16 263
228 194
340 280
35 36
333 210
202 2
353 169
85 332
138 91
163 270
113 337
222 309
125 337
316 52
19 88
176 363
261 49
144 396
69 222
371 332
62 100
17 162
275 8
135 41
0 172
223 62
140 51
312 185
281 277
80 296
383 355
158 172
115 79
69 378
37 317
319 66
252 307
184 373
3 323
258 298
30 196
16 307
333 167
390 105
11 1
176 276
143 15
125 393
41 283
131 0
345 330
173 284
371 90
274 222
242 332
27 216
368 283
263 198
87 209
157 216
195 335
218 91
327 360
125 375
334 15
306 180
368 323
93 185
334 279
340 378
289 214
11 367
176 88
319 347
271 55
338 47
390 136
240 284
317 303
250 134
136 123
144 245
384 186
63 287
85 168
194 204
333 80
28 279
223 373
220 387
157 162
62 36
189 239
254 68
164 17
356 277
84 234
247 365
81 91
184 61
368 27
62 329
151 114
337 193
46 49
324 82
203 284
232 395
69 119
202 244
181 9
253 311
7 165
131 229
304 103
76 370
22 216
17 41
317 213
48 80
25 136
225 61
153 161
125 311
21 373
34 145
181 385
17 86
5 129
67 196
258 210
338 287
113 102
125 64
190 321
302 332
199 317
149 267
139 347
268 49
181 170
339 311
392 210
359 56
115 280
199 298
256 145
107 336
95 298
199 322
92 229
302 95
286 203
359 171
258 354
62 180
200 325
178 104
112 311
5 231
33 298
372 145
317 373
183 127
345 221
48 166
94 74
241 165
159 60
341 186
0 8
212 191
136 5
102 111
316 129
143 83
202 91
338 277
70 262
221 12
96 241
121 148
266 49
128 0
379 89
157 310
339 287
230 288
359 134
376 295
225 234
22 40
178 378
181 307
387 370
115 139
276 303
197 315
191 65
362 248
202 381
3 44
341 13
176 296
181 55
317 36
96 58
218 373
123 29
304 301
15 119
359 95
276 321
85 315
314 283
126 320
362 324
92 288
31 285
7 102
275 370
286 285
133 129
392 162
48 257
140 11
182 325
343 388
81 35
50 170
65 161
26 287
123 83
366 39
38 205
225 75
19 104
8 309
143 190
105 82
163 365
16 397
387 166
249 239
326 127
294 123
159 132
223 1
96 219
80 129
92 365
312 103
318 60
66 198
37 361
113 213
233 51
306 357
380 385
359 373
358 277
228 206
168 219
319 57
54 397
232 393
182 192
331 137
245 192
43 311
181 328
344 346
63 322
163 61
113 209
252 194
286 110
199 288
331 285
243 123
184 382
368 67
392 188
160 8
181 263
282 231
84 203
178 28
141 132
368 361
338 395
40 186
243 347
105 110
333 358
280 13
144 98
160 256
169 219
304 91
23 172
46 375
359 29
312 60
218 55
319 118
392 40
295 356
368 41
353 97
164 188
33 168
252 89
247 90
280 154
340 81
179 301
181 211
67 29
43 29
140 30
3 106
149 80
225 14
239 259
334 138
247 339
344 13
314 61
201 360
109 363
212 150
70 168
148 315
380 282
327 114
372 373
9 278
75 71
7 381
7 358
73 124
240 393
243 338
383 377
167 282
138 107
37 99
95 130
193 216
206 56
157 279
239 14
112 82
319 283
100 68
312 188
301 370
96 114
280 219
103 101
176 41
353 278
294 75
326 60
39 316
390 272
173 238
25 74
66 347
74 305
297 338
117 322
143 100
159 97
268 302
340 146
176 254
281 13
270 56
125 234
67 300
386 399
133 150
155 396
126 60
7 241
76 203
339 51
18 343
329 246
334 298
276 49
182 354
59 262
22 155
116 4
247 379
255 86
274 254
125 187
365 63
184 103
45 293
50 254
73 103
274 361
103 219
211 321
264 288
205 384
64 166
7 360
354 284
365 196
302 124
272 315
64 187
353 86
37 292
77 279
312 290
343 30
234 384
197 111
334 152
77 23
176 251
143 40
114 238
77 315
215 80
144 137
176 106
224 98
281 55
160 185
267 260
27 231
319 267
194 86
66 321
312 27
138 377
382 288
201 120
268 28
362 117
123 385
113 98
256 51
275 110
352 105
81 29
249 74
114 299
48 182
266 156
121 298
3 300
33 65
178 17
162 325
189 325
116 169
272 12
142 251
75 373
26 104
191 71
331 309
232 387
167 171
256 120
150 290
247 0
363 397
92 168
76 339
162 124
247 64
116 262
3 166
84 305
181 283
144 61
74 162
228 137
49 236
239 41
355 209
132 254
177 41
362 118
369 318
286 174
278 161
378 86
8 82
362 145
76 40
247 203
247 303
19 385
74 193
66 55
110 86
50 305
278 309
223 104
37 145
205 68
398 300
94 210
174 254
380 172
364 332
364 209
31 316
248 346
334 112
272 321
239 154
3 276
333 111
99 214
391 103
8 322
362 81
235 110
399 90
77 336
272 193
362 287
131 98
100 381
123 57
138 6
233 290
149 374
135 361
160 51
366 41
215 227
145 129
239 307
112 364
319 238
313 196
228 80
158 355
128 51
259 52
361 161
324 124
339 188
353 219
48 191
267 172
372 283
3 35
226 82
77 373
227 8
112 127
143 308
291 175
269 207
215 394
281 285
152 373
153 396
11 387
280 303
73 165
134 311
205 303
156 180
23 293
141 137
264 347
259 2
333 305
177 124
178 396
131 241
358 213
286 35
331 211
252 171
132 308
0 213
149 193
16 11
250 260
270 377
174 101
225 28
201 28
131 246
99 377
327 15
32 233
54 287
94 148
10 395
170 52
118 108
127 2
327 65
249 254
165 172
30 279
132 385
112 367
194 210
356 12
136 145
149 208
65 130
365 198
33 130
110 130
15 129
181 98
173 361
55 251
296 395
280 129
43 106
38 98
134 296
351 82
313 106
224 36
334 99
252 191
375 51
334 365
19 254
67 12
191 23
296 246
179 311
235 154
15 384
352 254
125 342
23 396
363 79
369 127
247 130
109 170
77 335
43 216
76 122
178 392
337 384
294 56
159 81
281 35
80 394
151 370
202 55
361 396
88 129
257 322
340 78
152 119
195 165
1 209
149 321
32 293
258 66
10 112
139 315
16 64
1 288
286 317
372 111
280 360
383 303
376 296
135 44
334 385
77 353
275 296
135 285
92 155
289 93
125 222
349 98
226 21
224 316
164 238
314 119
232 257
250 17
390 101
350 325
178 112
148 2
184 397
16 374
173 151
224 129
80 47
291 303
43 111
323 373
201 43
362 346
248 395
184 40
142 130
281 363
389 284
232 336
352 332
223 6
365 216
261 133
5 287
153 208
81 288
349 150
197 165
228 305
194 24
227 45
163 385
349 172
297 207
245 72
319 5
391 111
139 190
329 213
151 229
193 303
109 36
153 186
366 167
278 374
175 60
169 279
81 187
391 175
94 393
127 336
215 194
356 86
383 317
147 325
123 300
210 14
340 397
192 172
333 381
151 336
136 64
362 353
180 397
39 47
267 335
369 310
343 347
63 185
141 395
10 62
253 36
217 152
218 219
345 311
174 1
199 363
365 379
200 367
390 89
291 137
338 290
7 138
74 348
241 265
232 254
302 210
372 397
69 102
274 321
194 248
31 23
261 280
273 284
3 102
184 227
242 239
164 55
313 384
308 347
85 130
117 166
20 101
252 384
38 101
109 364
156 175
178 198
173 226
154 204
272 97
7 104
272 71
371 379
125 307
94 9
25 33
357 397
173 80
314 262
175 83
54 206
191 63
92 336
109 187
211 187
259 298
218 283
386 12
126 150
81 198
369 385
331 378
120 186
268 271
109 323
54 301
19 129
326 246
387 13
241 130
21 188
264 329
112 124
116 374
17 198
337 341
327 317
278 52
163 196
84 310
391 30
182 375
28 283
249 72
223 234
32 388
312 123
66 130
351 28
361 309
387 394
281 40
193 279
225 27
222 332
352 251
87 82
297 341
378 385
222 237
380 329
66 381
326 114
220 57
136 102
235 229
32 310
148 221
234 52
380 315
269 324
353 102
331 186
31 259
337 360
341 397
84 248
211 44
42 198
78 288
164 317
25 305
176 204
355 171
297 55
160 285
197 220
150 311
194 387
140 395
48 357
199 276
178 208
121 358
143 396
230 393
380 175
371 72
147 211
109 237
256 58
359 4
247 170
50 393
212 75
259 214
183 233
224 61
40 346
133 251
149 394
30 396
34 385
333 396
215 312
156 137
102 108
17 309
50 17
50 132
118 29
76 311
253 355
76 269
39 14
77 13
259 129
43 322
228 310
264 185
323 244
9 236
366 310
200 222
26 95
339 375
73 323
195 302
361 185
69 322
91 56
99 375
138 127
38 82
333 309
115 220
25 254
115 360
297 357
333 43
386 210
331 119
361 51
295 299
247 321
369 301
143 295
184 387
94 95
197 145
386 202
37 2
378 299
339 124
363 384
259 342
140 307
258 198
312 2
128 248
15 381
211 322
242 138
391 11
195 148
292 310
326 27
230 137
174 124
73 330
79 12
270 57
281 129
48 172
191 385
234 329
0 316
245 78
218 65
135 202
201 79
345 381
252 320
131 62
266 378
221 129
329 130
320 279
43 282
234 63
25 311
359 245
65 303
368 285
153 180
132 330
182 393
205 329
217 377
250 280
40 299
151 350
61 119
149 308
398 30
34 260
270 219
144 111
331 95
274 323
149 275
135 79
7 293
206 233
23 381
207 393
269 270
152 107
97 214
143 179
21 284
380 321
274 43
220 357
337 162
173 317
76 52
295 186
131 55
305 185
96 193
331 374
250 35
149 229
217 44
390 300
66 24
383 12
313 86
380 269
190 36
20 64
136 397
390 382
94 297
274 296
281 117
181 214
268 394
22 273
243 343
147 283
62 6
144 191
225 233
331 292
234 6
232 1
220 166
376 339
72 311
359 62
160 275
225 43
344 80
158 317
241 254
105 108
178 120
330 237
183 117
286 307
164 59
3 209
140 384
366 307
386 354
76 210
225 300
5 374
38 185
192 146
174 146
289 63
313 221
384 106
158 396
375 89
289 66
113 304
39 65
280 209
37 206
25 282
4 71
158 272
313 110
295 316
62 315
318 397
215 231
77 1
183 381
177 356
184 112
345 373
73 385
134 36
126 240
306 385
0 374
136 381
352 137
224 204
40 325
268 324
274 230
63 293
15 154
10 97
173 379
289 310
55 213
96 117
115 399
368 350
268 4
59 86
37 320
390 207
173 52
275 60
316 106
163 74
327 36
123 381
272 6
228 348
125 111
337 307
369 312
226 348
16 137
304 89
85 43
212 385
201 39
334 387
207 279
313 388
384 325
291 384
93 370
25 47
138 332
390 122
278 219
112 293
194 146
74 2
179 229
212 101
276 78
253 97
252 40
176 104
223 307
76 204
16 311
380 119
389 51
297 348
50 175
121 134
38 316
313 90
15 262
152 246
59 75
353 296
217 17
383 347
240 214
271 204
182 2
310 251
191 40
153 106
234 102
153 341
116 129
398 190
25 393
142 62
192 251
256 360
23 196
158 49
95 146
112 209
97 52
115 205
210 86
174 310
292 203
340 341
189 240
361 203
141 375
291 127
329 373
308 90
218 152
167 311
75 244
243 271
177 257
239 257
125 267
330 336
183 397
195 370
226 257
253 145
38 86
177 39
181 60
19 112
334 120
189 22
349 83
206 330
87 315
364 279
250 167
147 285
215 175
286 72
252 44
189 4
380 296
148 322
92 24
266 209
365 79
183 367
17 318
62 193
78 279
87 88
351 151
351 202
79 395
388 219
235 68
66 119
134 4
139 305
115 97
195 267
109 322
43 192
345 169
366 202
304 100
179 385
18 136
275 303
339 58
73 81
224 378
4 303
267 209
243 304
62 30
339 305
94 262
252 27
115 157
135 208
313 257
276 350
206 244
228 23
19 355
232 324
274 353
326 59
104 82
66 257
389 204
220 145
242 378
176 138
143 379
16 204
20 74
135 68
201 374
67 397
255 61
280 58
148 196
149 168
135 318
142 291
16 15
286 370
312 51
190 288
253 207
266 239
221 332
140 304
297 328
380 399
224 137
147 262
328 336
147 157
302 146
372 169
259 44
366 44
160 270
366 385
170 347
151 24
354 12
66 296
184 364
177 186
362 15
152 260
6 287
50 282
276 106
215 99
369 101
282 209
359 17
249 28
159 307
193 44
295 290
241 57
99 270
256 79
262 236
131 309
289 204
391 102
53 30
333 237
69 270
15 6
218 387
120 287
141 166
391 282
104 5
323 79
201 322
292 71
15 86
97 119
138 65
247 259
334 151
33 394
359 330
175 90
9 389
362 86
221 171
250 44
158 0
212 259
4 24
324 130
274 300
362 307
387 60
25 357
212 342
123 396
15 396
158 262
42 8
175 236
143 239
96 245
113 310
261 79
203 119
234 338
250 8
312 336
297 230
152 367
305 111
351 63
258 330
392 356
242 200
297 293
289 302
210 108
390 65
263 221
10 105
261 122
6 321
74 237
206 190
389 299
37 204
224 387
285 165
34 97
79 288
285 230
382 65
66 65
133 27
392 27
268 305
398 238
259 209
276 311
286 97
357 251
123 13
98 315
388 101
110 29
128 148
333 336
3 88
153 162
235 277
78 82
392 169
164 251
181 265
256 162
49 251
341 290
156 44
369 123
23 322
85 129
202 137
134 318
75 101
27 244
66 282
286 301
215 83
276 114
295 51
148 12
49 393
50 124
344 216
324 385
312 24
362 55
99 91
87 239
49 283
126 52
26 21
319 342
249 64
39 356
249 114
382 254
266 310
201 280
225 398
97 300
229 198
258 316
145 377
73 86
32 244
371 300
390 273
271 111
352 389
133 303
242 330
48 0
217 12
376 284
153 102
223 188
45 101
232 185
152 161
59 61
103 56
274 309
286 167
255 124
360 348
359 110
261 82
208 44
152 283
143 91
224 313
229 288
369 102
354 332
380 293
353 338
280 150
249 307
32 311
271 27
38 227
91 299
245 396
114 335
9 399
235 325
156 355
306 260
20 303
84 139
327 275
254 52
177 105
252 213
98 342
195 55
281 93
281 304
362 373
26 254
306 256
189 304
278 172
235 240
247 150
54 81
266 103
352 330
340 293
360 166
382 300
261 322
182 169
192 185
103 303
181 22
241 88
351 309
275 354
271 300
369 373
318 321
242 227
228 175
383 396
96 353
31 119
192 47
176 219
16 63
182 277
94 82
245 203
160 169
39 230
330 213
240 260
218 60
25 325
177 276
291 57
391 89
84 256
87 273
349 320
369 226
296 204
131 192
291 336
176 354
3 101
302 83
304 63
358 204
149 166
164 360
148 108
38 350
183 40
149 353
215 288
249 51
333 57
81 41
87 211
63 374
159 44
223 262
261 304
139 161
295 193
93 348
67 394
26 251
229 71
326 21
85 193
107 288
76 300
1 332
67 332
48 193
85 272
65 277
95 122
142 103
201 40
39 379
234 175
194 145
259 279
141 298
132 282
94 139
85 276
245 299
252 360
117 293
239 146
54 70
94 171
26 157
147 338
177 98
178 97
252 291
349 300
227 12
308 186
37 14
163 32
249 127
218 108
9 180
228 396
65 307
382 393
245 248
164 49
252 182
58 332
183 208
77 68
195 317
221 24
382 320
359 387
369 240
145 213
67 51
271 248
158 347
149 124
310 172
152 229
314 263
304 12
147 237
99 188
281 397
19 148
242 8
42 83
53 203
220 52
253 14
55 335
155 335
177 291
327 59
225 353
176 338
383 395
256 82
210 185
344 392
32 347
362 24
87 260
128 102
351 360
126 304
212 67
386 24
38 11
81 284
41 213
22 395
339 278
247 17
242 338
249 191
153 114
131 363
125 151
211 41
109 254
109 293
361 2
143 328
132 375
133 68
326 211
306 277
3 81
37 65
152 399
26 216
226 330
152 305
357 57
139 52
92 82
226 114
153 397
203 90
194 102
176 315
318 186
247 262
372 336
234 209
391 139
345 107
364 186
102 188
276 14
180 325
294 61
218 123
128 276
138 12
23 90
26 388
200 103
327 387
131 364
77 78
174 278
262 309
398 29
85 110
286 308
224 165
272 328
11 122
148 296
126 202
369 393
18 198
150 300
132 233
249 179
383 9
189 15
227 358
42 222
176 320
215 137
365 315
247 372
183 336
202 284
302 122
358 311
234 155
248 56
199 245
205 325
297 103
239 328
182 185
77 271
10 9
22 60
183 307
0 377
312 288
87 59
241 335
275 203
164 71
352 9
333 134
113 41
360 277
268 119
180 86
50 358
55 381
248 299
267 299
351 373
16 86
327 393
48 297
26 75
217 311
215 62
372 8
127 348
226 231
16 293
123 219
227 298
149 0
103 71
77 24
181 99
167 79
308 101
195 214
225 328
98 354
345 185
117 150
173 358
334 14
366 32
324 332
224 278
192 346
15 342
46 146
206 198
275 346
265 52
123 24
312 5
159 365
192 204
227 88
54 66
242 342
376 348
136 216
173 375
179 14
162 347
9 100
107 36
295 288
361 279
292 78
359 123
174 185
359 299
53 47
267 322
202 21
158 130
217 81
160 106
272 150
151 321
9 377
92 270
230 213
256 12
158 361
132 28
91 393
352 282
98 277
242 248
208 108
362 348
331 80
72 137
5 71
21 397
384 277
8 246
135 287
84 89
229 47
162 14
274 187
289 60
80 298
305 393
241 393
249 259
93 56
26 312
201 291
38 373
157 338
163 44
189 367
383 324
255 325
120 187
10 210
323 166
390 52
230 325
46 97
275 325
62 356
265 219
3 61
305 2
256 108
199 35
340 240
324 29
156 260
382 287
310 122
240 347
9 188
227 61
310 171
295 318
261 356
16 65
117 373
278 86
93 101
131 370
353 75
120 198
390 15
200 170
178 382
170 251
177 264
163 150
190 52
42 49
118 299
18 24
189 364
37 273
363 111
221 231
274 138
366 122
366 360
121 263
67 346
152 82
115 276
20 60
386 14
297 315
85 256
70 1
282 307
32 56
250 49
149 389
234 315
154 335
295 360
391 186
250 323
143 79
361 216
76 310
302 335
152 379
117 375
319 188
25 293
225 339
258 29
26 337
98 244
170 119
189 61
274 66
69 1
228 198
338 237
109 361
32 170
386 168
31 229
337 83
235 346
138 192
199 200
128 246
304 29
247 132
176 384
7 112
369 61
27 129
50 151
274 202
210 12
331 86
369 293
20 44
206 5
147 154
334 263
294 21
9 41
125 200
210 57
249 155
169 12
134 107
351 70
87 357
10 377
179 36
200 102
49 246
199 302
116 264
256 248
212 273
292 28
31 13
121 146
353 310
294 336
305 204
255 122
264 203
43 89
184 107
318 348
362 22
174 262
114 68
84 347
375 335
398 325
116 255
266 325
151 230
306 107
239 118
353 214
23 325
80 389
164 138
302 325
363 299
126 257
380 341
189 123
174 198
134 196
96 200
270 68
174 395
173 227
50 59
337 51
378 192
371 262
37 123
268 156
34 278
313 288
142 82
242 234
17 221
234 251
392 41
25 298
391 355
250 74
271 277
141 387
179 293
243 104
201 323
334 79
184 130
94 60
218 148
326 172
152 346
141 70
184 342
357 101
174 237
249 255
358 89
291 122
344 337
20 61
3 46
93 364
149 72
323 379
94 66
98 196
54 239
94 302
372 282
328 298
135 276
28 198
48 29
223 317
192 171
386 75
53 323
38 95
349 230
153 220
17 44
9 207
142 317
27 385
212 139
77 107
112 1
371 1
372 107
64 244
92 300
77 296
218 341
73 15
25 55
349 282
375 307
328 101
318 231
239 320
286 15
23 122
164 186
156 277
280 56
159 45
109 40
162 385
184 101
379 86
176 150
344 70
46 82
344 290
197 70
221 290
131 75
138 309
107 213
20 110
153 13
38 102
104 52
286 13
265 196
25 2
116 0
313 373
18 208
147 101
53 95
141 341
367 82
375 373
398 155
333 182
16 264
249 375
319 357
113 280
371 267
19 188
160 17
226 150
184 146
113 180
149 117
158 28
314 192
359 343
94 208
163 90
247 99
270 279
173 393
85 219
330 188
326 231
192 299
69 110
282 347
158 379
93 318
133 101
349 192
103 311
261 188
271 29
310 377
139 57
84 292
301 251
384 204
123 342
109 175
10 253
327 257
357 108
53 82
232 148
26 118
19 251
135 343
226 35
250 91
23 321
339 185
28 129
383 312
105 389
349 330
376 283
183 219
314 219
3 304
249 301
184 67
41 393
363 41
361 354
200 36
81 237
155 260
136 293
276 35
266 28
118 346
254 279
241 377
258 103
165 130
392 397
125 397
10 165
302 51
139 265
262 303
149 265
225 279
226 394
131 200
144 341
337 52
128 241
372 296
334 102
7 238
378 328
218 377
334 47
116 226
96 67
80 393
33 210
8 219
268 152
115 41
55 332
92 313
202 12
74 317
92 330
159 145
351 375
18 356
139 358
296 284
242 343
383 345
66 196
136 303
62 254
202 394
206 384
378 203
305 237
159 6
153 265
302 296
16 262
354 219
61 311
155 385
313 12
11 385
43 300
352 187
38 303
211 204
339 216
245 12
159 118
43 101
386 6
386 2
96 70
58 290
148 68
302 198
292 328
217 60
294 354
53 343
42 104
50 6
376 106
324 52
177 30
150 186
340 88
76 132
263 65
274 292
97 246
7 98
226 287
97 381
149 311
104 91
276 336
232 11
31 221
133 374
53 260
253 377
319 97
168 283
38 5
0 14
258 320
99 284
19 132
330 335
253 303
167 2
330 204
258 57
33 379
151 284
197 305
386 317
125 168
75 214
149 371
368 103
205 213
382 64
302 166
18 237
369 371
382 338
296 321
114 298
58 166
256 111
159 389
25 90
340 165
7 239
32 283
340 108
286 191
177 80
62 284
376 179
164 309
11 246
345 154
138 45
207 396
261 395
314 101
160 67
296 56
232 264
205 187
365 287
152 6
205 127
96 375
42 154
338 111
157 259
266 315
92 285
337 290
295 71
100 12
210 342
139 30
297 124
22 56
110 51
386 70
340 328
96 360
398 106
144 255
398 222
390 312
38 55
228 387
153 95
224 341
126 132
135 378
323 161
391 356
366 91
345 230
159 198
331 67
96 65
326 175
115 354
74 28
34 325
268 55
292 137
134 101
144 134
265 171
25 81
142 350
337 45
392 44
337 397
338 129
369 162
380 361
215 377
153 33
144 97
3 231
153 322
191 168
206 338
220 36
201 102
81 358
110 283
183 396
78 57
134 171
386 341
104 267
334 186
318 129
116 202
80 307
99 6
121 300
234 107
371 328
85 137
104 127
276 236
9 318
147 335
184 372
242 58
276 396
197 88
67 130
99 88
87 264
132 260
176 350
50 220
217 33
194 120
369 186
105 230
177 156
252 9
105 341
144 347
223 51
369 133
139 35
302 346
87 222
252 264
112 110
18 324
123 288
9 40
337 24
295 348
20 80
53 365
215 269
195 112
135 206
33 330
378 303
100 198
197 255
148 283
371 29
127 279
210 89
292 198
25 152
389 385
163 80
160 269
121 241
223 72
253 346
80 347
235 27
74 230
200 300
292 8
164 358
327 363
386 62
59 111
168 347
85 6
55 283
145 303
365 119
96 233
366 396
215 246
278 60
141 30
159 166
143 157
234 169
201 123
272 278
3 241
217 273
224 194
152 387
218 14
255 103
286 291
10 363
62 110
139 51
197 377
364 188
143 389
112 221
180 374
235 309
392 248
123 213
116 233
329 172
98 90
338 24
181 83
31 341
314 174
163 100
282 124
366 51
390 24
131 5
208 2
220 325
313 5
50 353
31 150
143 213
314 275
160 307
103 307
183 0
99 397
50 356
254 56
0 65
242 216
126 74
34 230
26 372
19 205
254 198
264 308
271 169
20 56
261 74
160 341
227 24
333 371
73 309
125 15
61 56
243 74
120 161
368 45
256 308
232 79
190 161
356 187
353 150
38 168
258 265
310 187
4 111
3 1
22 124
87 316
3 60
87 193
183 103
255 322
313 213
16 270
26 332
113 259
292 187
92 207
126 206
226 374
334 172
85 45
116 68
93 357
164 395
383 0
368 379
38 200
99 101
369 271
28 209
234 260
179 379
133 44
131 64
357 299
337 165
142 179
207 187
360 325
366 124
45 24
383 236
167 65
26 292
134 150
178 75
153 348
81 186
92 294
372 399
201 82
0 4
116 278
261 180
252 285
135 134
355 377
248 290
331 272
212 341
76 22
352 267
144 104
369 307
358 279
341 68
249 397
79 346
286 373
26 356
81 332
337 90
133 238
160 207
135 207
296 299
16 310
369 346
197 59
292 35
48 165
344 300
339 282
105 21
35 186
142 234
128 350
189 335
197 6
31 168
359 154
314 51
398 127
211 259
50 64
69 244
313 83
333 127
31 123
99 357
319 311
274 282
362 384
351 110
43 341
96 262
182 14
376 237
131 152
181 180
182 78
224 280
26 57
349 374
46 296
211 305
337 279
338 60
151 13
372 185
77 259
28 172
382 229
286 202
53 269
306 186
87 270
203 44
115 99
112 35
48 259
258 328
96 329
197 64
105 89
392 2
80 332
245 244
199 64
78 86
249 171
81 28
147 308
222 260
301 237
315 260
318 24
135 88
9 106
135 329
227 110
113 244
100 290
7 130
387 83
306 253
26 60
371 5
117 23
295 24
96 254
271 120
376 370
314 57
366 169
275 49
42 82
367 124
85 46
318 219
252 220
140 97
155 187
173 373
167 342
31 89
201 14
42 364
328 299
78 238
135 357
1 166
371 231
376 61
10 64
125 55
179 360
269 279
115 27
334 59
357 51
285 185
218 81
117 14
313 240
286 103
48 328
80 287
247 367
368 175
217 148
345 354
77 273
212 88
165 185
50 0
16 99
345 233
94 361
157 358
25 275
275 287
286 66
6 130
222 47
268 384
160 298
50 318
0 198
45 397
361 254
269 190
116 132
18 150
304 168
202 393
372 379
218 288
256 219
386 193
380 275
70 119
350 90
191 231
386 263
296 325
81 367
183 82
30 129
11 40
3 162
263 162
75 119
249 35
103 216
92 316
356 185
80 373
178 24
178 118
369 387
7 119
115 35
176 36
195 301
33 273
114 83
305 214
261 270
365 273
222 396
201 292
34 80
10 133
399 346
76 222
210 186
215 309
334 237
113 204
175 111
349 355
141 346
265 287
7 52
11 28
199 216
306 105
376 343
65 373
87 240
96 317
227 348
261 394
306 272
359 378
334 139
197 219
280 24
76 8
232 41
102 397
18 111
202 79
258 129
380 40
34 293
292 265
87 165
138 278
390 388
241 180
254 246
205 309
218 282
266 339
217 11
133 21
292 347
38 28
149 36
67 61
304 364
314 136
64 44
19 41
245 4
109 238
173 381
268 205
362 323
66 229
144 44
87 110
178 148
199 194
76 265
131 35
391 379
340 216
168 381
235 28
359 22
223 245
359 51
91 293
147 297
115 127
386 291
247 267
249 393
361 399
142 171
296 279
92 93
371 330
181 293
211 122
360 51
359 315
274 377
333 120
35 394
228 388
8 47
109 136
126 161
116 104
345 342
70 97
77 198
301 246
316 298
76 262
70 155
148 52
115 170
281 278
390 139
207 309
273 288
199 321
38 120
228 325
116 156
128 298
127 198
390 182
121 332
371 282
272 162
327 207
254 129
81 309
88 122
201 251
179 203
312 358
215 272
345 277
152 364
163 345
103 44
352 150
115 211
297 284
240 290
361 316
20 79
220 56
286 150
368 192
249 342
358 335
147 27
378 332
261 260
388 196
192 213
384 187
206 209
199 36
85 156
271 279
230 83
164 397
74 282
120 251
112 381
249 233
345 90
69 65
306 130
115 206
110 14
117 315
331 59
70 196
274 74
282 52
275 6
65 238
151 300
363 265
228 40
3 200
376 194
147 318
230 279
79 209
11 230
67 1
149 100
261 24
234 13
327 255
388 13
165 219
253 5
329 397
118 309
230 198
312 287
157 49
134 278
232 8
344 305
245 124
20 236
142 308
365 155
319 191
96 276
234 267
398 75
273 309
7 255
344 292
386 166
126 213
31 102
113 313
38 245
206 161
250 293
18 338
5 394
173 253
159 295
81 393
143 342
10 117
359 8
210 393
77 111
369 221
16 82
359 384
80 119
66 8
7 309
255 72
181 120
247 205
218 5
92 101
19 180
173 234
88 373
372 72
349 81
17 21
147 62
280 172
25 260
94 267
245 5
135 57
388 298
115 316
184 309
73 179
304 161
367 198
34 119
280 325
182 90
128 214
344 309
152 150
45 57
383 179
202 399
361 332
227 259
361 129
228 13
338 137
133 71
17 283
49 161
81 75
179 265
125 60
116 89
85 253
386 290
31 27
343 237
121 219
371 130
357 214
113 152
271 236
116 193
8 237
194 208
173 166
218 46
304 348
37 231
353 267
264 29
112 155
180 13
178 138
16 185
263 2
225 161
324 47
292 233
225 297
113 63
182 29
81 374
17 1
344 132
190 237
218 169
136 6
181 136
222 397
189 348
128 169
255 129
64 89
376 114
232 315
69 373
105 61
175 299
150 83
351 284
212 80
84 273
67 180
63 68
30 108
168 284
20 180
174 397
92 216
368 35
15 75
384 321
268 194
37 377
195 107
113 394
159 299
84 148
345 364
99 190
192 279
138 47
225 33
289 253
305 395
319 8
178 81
3 170
25 395
59 290
371 388
102 161
229 90
233 260
45 347
126 387
372 208
34 139
126 64
351 188
366 271
314 74
96 339
280 102
223 172
363 246
364 214
323 384
252 47
110 213
378 171
105 187
151 278
252 79
176 389
135 58
227 40
178 321
6 137
54 174
87 237
256 278
65 299
212 98
153 151
139 55
199 323
0 83
105 393
93 58
31 382
257 83
164 191
274 22
16 381
7 174
390 41
59 367
319 105
34 112
34 233
232 219
99 209
212 127
64 161
359 74
142 285
218 285
4 146
126 172
217 93
261 311
144 6
274 95
84 122
223 372
201 172
380 278
247 39
327 260
135 89
275 310
25 200
105 308
223 239
177 81
365 336
184 203
37 79
345 316
194 288
212 203
115 112
391 295
191 12
152 374
241 60
94 152
160 194
349 193
160 64
97 90
250 9
125 174
63 335
242 245
305 309
125 33
228 122
320 196
165 311
116 356
380 230
181 49
310 322
77 146
18 193
285 356
176 93
96 275
61 321
334 222
399 236
26 365
218 395
391 82
263 318
139 229
326 124
199 227
153 188
138 346
134 180
389 12
368 288
243 139
73 216
33 396
392 47
151 6
94 30
225 95
391 307
131 138
255 350
113 208
77 74
223 392
59 2
349 323
19 66
173 133
261 194
58 119
380 339
197 253
367 68
128 185
272 358
133 187
133 358
274 280
135 127
17 166
253 238
242 251
138 187
26 398
6 204
88 288
25 79
291 229
43 146
241 229
164 23
315 52
115 304
38 276
302 214
295 346
7 169
289 162
314 22
110 52
11 165
176 52
145 29
337 60
46 1
16 5
292 354
358 300
16 238
266 161
254 346
174 309
115 105
138 324
202 374
115 136
134 360
54 336
259 130
327 308
112 244
294 35
382 350
87 58
66 91
114 122
215 40
88 336
215 354
141 101
361 107
33 124
184 64
357 377
383 337
328 166
163 297
253 385
224 120
9 296
158 179
144 357
26 58
349 105
73 294
87 293
163 347
274 12
245 288
387 231
353 222
359 259
326 136
159 267
232 71
96 395
205 65
306 148
380 372
173 172
306 234
215 46
136 71
94 56
178 59
105 388
211 130
20 161
351 382
3 5
369 377
0 267
131 60
212 272
315 198
189 166
352 47
34 370
245 300
11 283
144 317
254 130
310 83
366 346
109 277
73 358
66 259
78 309
199 63
128 14
327 9
158 346
160 166
140 216
340 336
178 338
10 321
100 86
305 44
351 303
125 387
306 328
292 47
352 299
192 111
34 47
181 361
88 14
252 152
218 171
189 216
144 271
162 2
250 75
131 127
268 337
49 299
255 120
153 315
221 293
206 360
18 52
250 360
291 95
295 307
266 106
45 29
183 283
235 205
64 185
179 196
50 301
355 309
230 129
189 79
109 17
33 301
202 170
337 335
313 45
176 179
149 255
281 389
224 66
248 51
358 385
77 229
313 91
77 63
184 204
87 322
362 5
310 335
389 322
114 346
369 15
201 321
20 117
340 196
295 35
74 169
192 293
16 240
379 370
258 207
144 214
220 240
132 397
261 387
383 301
158 374
94 205
351 124
223 259
314 309
253 389
215 335
1 106
333 137
232 296
229 29
339 257
31 272
113 107
178 398
222 347
31 167
0 373
289 220
314 300
243 213
208 129
28 44
242 219
199 139
215 75
304 330
10 47
17 175
331 233
50 321
358 244
178 83
357 231
6 374
266 291
218 290
326 61
50 347
126 378
21 12
139 387
104 321
156 65
67 238
276 335
234 310
269 110
93 35
16 150
242 112
115 134
232 108
133 373
155 130
326 325
131 106
38 91
25 291
184 237
128 49
113 1
263 44
158 166
227 270
248 287
149 227
92 295
252 238
39 328
69 90
295 270
84 2
362 220
292 282
382 303
228 97
31 370
45 237
125 211
104 210
263 123
314 203
297 21
224 263
264 169
199 384
349 108
253 208
324 198
326 17
155 377
148 171
268 202
184 129
326 155
102 171
263 75
191 316
366 298
327 303
121 370
276 267
338 44
18 41
144 254
61 111
138 270
362 150
349 22
33 322
191 129
334 226
327 262
326 185
147 346
199 318
281 343
319 320
92 102
218 167
135 301
366 336
92 251
176 214
183 303
272 299
105 146
126 311
227 161
145 348
280 347
133 348
178 276
217 166
148 57
292 244
6 196
327 72
337 61
109 79
138 154
43 307
271 180
174 23
26 15
269 185
215 321
242 382
117 325
113 356
87 296
340 2
67 186
53 9
372 52
201 345
120 86
4 36
140 139
319 45
353 377
38 134
160 129
135 337
234 47
66 311
132 316
252 58
295 120
285 107
390 211
177 216
32 341
117 68
73 257
223 348
38 298
4 298
340 254
169 395
77 244
9 317
107 300
306 66
228 205
235 389
38 231
127 307
33 82
139 330
183 354
38 156
54 170
138 395
21 293
93 290
268 358
220 161
255 298
84 302
80 325
363 4
35 47
250 124
223 86
267 336
313 118
22 49
17 213
241 198
344 219
314 4
157 86
87 150
94 254
159 298
282 119
38 148
327 91
362 202
4 83
27 374
302 114
143 21
235 137
135 133
291 395
39 346
350 187
382 329
43 284
183 300
164 283
197 330
218 130
120 60
167 374
138 8
344 198
179 251
384 119
104 118
5 101
128 15
248 111
32 171
160 132
386 342
26 231
115 367
360 83
39 90
234 248
98 23
100 213
34 394
180 348
258 267
181 237
314 370
202 27
179 97
201 12
291 27
262 287
9 277
189 59
22 370
34 341
164 202
195 139
143 17
226 354
92 74
193 322
291 322
160 102
367 298
282 188
340 170
113 22
201 196
371 63
363 193
192 260
20 392
11 190
22 4
116 100
179 287
274 82
117 161
176 65
67 71
168 332
286 106
264 395
100 238
140 295
1 347
11 270
75 129
389 374
70 248
250 60
46 230
169 244
383 55
53 207
145 56
154 307
22 146
128 254
26 12
199 99
69 68
9 396
349 185
313 108
367 60
184 348
252 233
150 346
7 296
151 60
223 154
376 5
372 257
224 12
327 63
390 2
184 205
76 304
399 185
43 187
228 22
281 279
202 348
207 284
296 90
80 162
344 63
362 172
304 137
199 101
147 0
304 21
49 347
135 322
126 59
334 200
289 139
349 276
31 151
117 321
304 325
84 271
66 145
151 389
158 387
331 312
392 111
208 303
147 206
233 309
38 204
167 40
349 168
305 36
92 67
268 238
141 43
399 277
312 259
26 207
197 264
391 384
126 350
226 262
85 114
38 397
399 119
0 233
295 397
340 49
149 151
189 251
105 154
306 29
297 137
281 180
17 374
274 156
173 122
327 321
211 97
391 59
158 220
76 256
306 271
33 397
392 321
151 396
182 279
45 299
358 287
33 389
148 101
232 66
120 52
125 102
302 58
380 264
310 279
191 161
227 102
264 111
157 370
10 263
199 343
221 260
278 29
313 229
207 209
121 354
202 100
34 309
23 238
361 238
338 299
233 374
194 373
220 64
84 213
33 393
319 382
133 329
109 251
262 106
20 57
41 111
334 167
190 303
203 146
203 290
203 204
331 303
128 60
194 328
78 231
112 330
268 21
121 264
361 137
59 29
128 287
135 78
391 98
249 4
368 0
38 291
267 287
352 384
153 221
344 298
194 278
163 62
227 230
133 127
271 341
247 172
183 6
197 244
326 364
301 36
333 262
160 161
148 118
181 65
282 161
183 207
226 299
54 298
305 198
69 169
241 284
276 187
352 262
329 216
184 329
390 308
232 67
16 209
144 309
99 55
268 129
176 56
176 399
159 67
103 214
75 311
46 45
353 95
266 68
354 377
388 90
361 21
363 358
319 55
386 279
389 89
262 51
167 129
252 256
163 51
53 367
88 119
177 259
174 315
138 28
361 61
319 193
380 394
224 257
64 322
76 51
18 271
193 385
241 374
327 192
317 119
170 2
261 397
276 231
255 29
258 226
149 273
215 151
329 377
25 67
15 254
226 308
126 361
163 299
386 4
42 239
257 298
107 51
178 264
10 71
252 365
211 30
353 237
352 211
350 335
261 328
177 234
104 44
140 35
285 329
113 320
55 377
76 114
252 169
140 350
131 117
136 387
195 309
128 332
361 283
331 394
112 118
365 270
95 377
25 219
74 360
366 244
37 328
351 312
337 364
138 316
386 98
160 103
261 315
354 396
3 216
368 88
148 111
261 307
242 350
178 99
365 267
193 198
4 277
76 251
357 13
235 373
294 360
275 40
182 328
200 180
327 398
354 90
297 175
232 259
141 63
80 320
178 251
141 330
183 211
64 303
144 150
262 370
132 262
207 374
371 347
154 279
156 79
58 209
132 65
255 214
28 60
281 399
151 150
134 299
326 336
306 98
126 328
99 216
286 392
241 145
202 203
54 296
177 221
173 216
158 350
389 111
84 60
35 60
351 137
64 395
165 287
177 230
339 321
158 269
139 367
31 312
173 8
38 47
65 51
70 299
18 302
327 208
243 70
380 29
205 332
289 322
131 296
215 316
165 146
64 146
81 311
163 230
258 264
295 287
359 100
73 214
280 207
205 49
26 70
345 101
301 300
157 208
376 276
25 300
92 28
81 44
98 75
352 324
380 313
156 384
255 79
398 395
94 99
314 0
158 33
228 139
379 373
323 298
266 11
184 150
88 290
180 219
296 342
269 346
190 2
145 12
253 350
255 388
76 65
268 343
92 98
296 293
181 378
392 13
391 35
250 374
25 263
391 272
153 146
158 358
147 282
366 106
92 79
128 179
320 12
49 146
372 137
126 170
152 321
351 169
248 108
190 293
269 102
254 290
361 342
376 211
157 124
363 168
388 397
194 346
194 63
369 208
234 192
390 165
271 188
306 354
43 237
85 49
289 332
158 155
195 291
143 111
271 346
11 4
34 23
239 356
278 279
312 324
352 51
121 98
281 107
269 44
176 14
6 89
16 162
320 111
66 103
228 79
142 208
357 236
128 103
388 44
168 106
135 323
280 283
173 46
269 30
20 260
351 227
10 23
306 308
224 277
126 107
113 372
235 253
398 90
46 44
378 321
77 226
84 187
102 52
232 13
391 88
242 98
266 148
63 396
92 105
215 260
217 233
74 88
276 103
195 253
278 397
330 198
125 133
163 328
253 2
159 110
323 356
112 5
314 99
302 193
327 395
139 267
364 396
194 393
221 336
19 27
217 82
50 397
110 309
16 156
156 186
313 322
327 288
16 101
178 296
252 120
176 174
147 112
235 188
112 216
141 165
32 237
369 378
226 123
292 260
18 161
74 145
265 395
116 194
157 374
85 379
201 185
371 51
333 21
367 2
141 367
73 227
3 67
197 45
77 219
53 24
286 36
178 367
73 83
113 33
331 112
10 124
1 137
139 324
174 342
245 257
131 345
18 174
59 91
372 356
141 393
23 185
182 170
229 24
113 312
218 202
218 165
250 82
158 278
7 317
271 192
73 127
353 341
253 130
387 86
326 241
263 385
256 356
50 106
142 24
225 262
181 155
184 310
232 186
314 246
147 130
149 295
334 308
228 5
115 45
282 287
163 315
369 105
133 180
233 300
75 322
367 303
333 312
235 207
87 98
74 216
157 290
94 166
158 98
134 388
261 58
79 51
5 83
87 358
38 283
123 238
291 23
256 5
286 114
313 61
217 260
168 370
280 310
22 68
250 399
156 238
235 123
217 74
15 90
358 166
54 238
398 290
31 339
102 260
194 79
174 44
326 350
120 185
255 172
338 346
352 214
70 55
26 269
364 238
104 385
94 256
158 78
268 68
365 317
80 86
217 108
261 55
189 345
173 322
390 55
126 364
107 82
69 49
142 241
252 241
197 136
164 40
225 15
387 2
294 8
258 384
9 119
153 191
208 377
17 290
25 133
53 185
153 379
352 301
143 145
160 399
255 279
6 238
33 64
143 1
308 325
120 89
301 325
174 8
392 71
349 58
50 107
192 244
153 111
281 213
113 339
1 303
378 389
53 110
191 27
58 172
250 348
173 208
91 137
363 248
218 179
295 341
62 260
319 122
157 2
230 187
22 375
289 64
96 17
278 82
178 71
361 357
176 64
18 200
167 146
392 262
53 374
133 207
295 166
276 282
372 270
70 364
227 299
296 307
245 293
37 323
294 79
20 285
93 68
362 123
327 240
202 72
135 106
323 36
276 86
326 398
264 171
227 262
215 132
248 335
398 114
247 186
333 323
32 329
17 5
31 97
314 330
7 114
270 119
264 238
241 320
391 350
352 354
212 387
386 91
399 348
326 358
128 301
232 36
304 397
234 72
76 112
232 105
58 198
398 61
88 108
39 186
77 317
292 283
85 230
391 395
334 105
329 374
69 367
79 52
334 65
115 204
132 61
3 399
153 324
362 237
285 124
358 124
378 270
92 329
48 299
252 157
301 166
156 346
263 222
250 168
386 219
148 388
268 186
93 347
95 137
261 151
74 246
206 2
42 132
382 395
351 292
399 57
343 95
256 324
334 68
92 150
181 275
143 316
217 367
0 114
361 375
390 166
97 172
363 364
65 106
249 100
199 360
359 370
18 5
215 93
133 2
3 107
32 385
224 187
289 103
141 256
135 35
294 169
383 102
203 346
398 83
261 70
69 364
152 120
278 171
61 283
109 137
31 317
54 138
40 307
189 14
158 313
266 81
49 397
319 303
274 15
31 296
142 74
164 307
199 24
339 329
157 60
249 296
383 265
274 221
159 27
269 209
7 198
134 374
159 214
42 156
357 44
281 30
76 161
26 46
359 0
269 124
139 260
235 393
314 193
242 262
69 9
113 301
184 287
199 320
319 273
229 231
159 179
80 260
200 387
10 154
235 99
268 347
100 299
132 367
199 275
280 370
314 214
138 267
235 59
356 124
157 145
94 102
253 335
87 304
258 82
4 332
144 148
32 284
35 29
271 296
239 262
22 204
340 309
115 72
362 269
121 114
34 9
297 260
134 213
362 75
19 196
256 347
9 375
345 123
258 387
316 196
136 166
30 395
350 284
116 9
282 29
227 111
304 122
20 194
349 74
165 196
327 203
183 260
158 5
207 321
223 256
271 385
224 350
191 88
121 107
109 255
151 325
273 198
200 28
258 318
243 61
87 138
275 397
19 294
144 290
211 374
168 309
10 106
338 246
11 90
362 312
94 371
345 51
314 322
292 329
42 339
376 200
173 372
194 207
92 239
369 70
247 71
76 371
366 60
359 302
256 355
132 283
210 83
182 30
148 110
367 346
319 397
392 284
223 353
258 342
149 338
17 190
59 68
176 267
109 278
144 395
261 393
195 8
84 317
344 280
91 373
285 127
386 124
217 150
357 29
264 338
194 308
53 256
173 95
4 321
386 154
372 166
84 9
53 208
147 67
33 45
148 399
227 145
289 81
228 317
143 394
386 169
183 124
167 91
159 346
105 325
34 56
125 214
390 229
84 12
369 192
184 13
80 27
105 169
32 207
268 75
160 345
206 192
39 204
344 49
84 194
178 156
77 216
6 119
242 328
258 24
105 335
205 347
59 28
205 97
380 0
202 311
331 152
273 2
264 5
159 139
266 63
392 221
8 204
31 35
3 260
134 193
150 90
48 397
114 237
215 226
77 154
382 166
372 90
115 111
306 378
285 307
183 95
194 399
20 219
87 198
135 51
104 14
326 370
31 297
232 338
314 302
87 245
27 171
380 305
224 381
165 283
191 320
77 100
15 44
27 29
54 99
61 385
249 187
147 21
113 275
330 279
140 293
197 43
258 398
369 93
10 155
135 392
227 277
76 214
274 329
362 111
195 203
265 325
249 332
215 110
178 270
343 244
391 165
121 309
37 226
48 123
357 288
53 122
181 310
84 167
292 396
308 106
266 296
53 167
73 130
344 329
87 294
117 267
199 293
144 304
252 88
75 86
48 373
45 12
22 168
383 86
34 361
92 81
159 323
282 394
120 290
3 309
109 166
133 321
48 95
178 244
149 29
314 253
269 364
67 35
152 97
271 209
274 399
151 111
121 375
392 236
93 324
121 220
96 292
62 28
308 260
112 23
125 265
164 46
181 33
197 371
153 308
63 385
218 393
142 299
17 350
367 336
120 347
162 397
367 290
241 6
249 336
139 277
116 172
92 174
16 66
365 221
380 179
358 237
15 393
134 44
241 325
8 377
128 82
243 389
205 277
176 275
203 161
211 14
48 30
203 303
18 315
125 365
142 88
85 74
157 45
399 56
242 256
95 166
189 358
358 370
281 9
117 357
54 324
330 2
81 385
295 137
11 329
0 236
174 28
139 56
37 277
372 110
20 385
41 321
159 275
239 65
261 216
239 188
220 214
26 166
264 384
65 283
247 65
92 318
305 260
177 101
281 347
184 339
372 124
178 385
98 298
223 273
217 156
369 46
353 146
64 309
167 166
141 193
117 146
18 256
19 302
181 238
85 167
313 209
177 220
32 68
18 83
202 259
55 293
112 97
306 347
191 277
22 88
37 107
19 90
125 2
249 377
103 332
225 397
162 204
340 259
177 303
177 251
153 363
183 35
7 1
267 2
319 60
337 284
118 287
313 282
242 148
3 381
212 81
160 246
235 165
116 370
140 182
264 300
31 46
163 132
337 63
351 278
249 198
223 222
194 60
11 277
163 35
30 237
128 165
249 372
113 273
17 82
133 155
1 236
364 83
183 353
255 119
20 75
294 260
176 378
366 231
53 165
77 188
121 72
292 335
184 161
100 370
113 193
20 381
285 161
63 82
286 60
179 175
92 257
234 387
125 188
98 2
227 350
41 322
159 78
34 364
323 172
169 137
128 288
69 229
255 97
177 277
302 36
266 216
255 146
15 307
230 214
326 68
168 288
399 246
191 322
87 253
223 9
118 300
140 271
62 288
361 377
356 29
331 88
218 104
222 283
326 72
128 100
112 237
206 155
205 335
352 62
173 312
144 299
18 192
239 45
158 157
189 392
62 154
70 332
184 88
224 339
294 155
158 231
149 74
104 213
31 292
281 133
176 304
189 170
178 122
280 336
365 45
170 309
318 346
167 30
8 393
310 186
278 277
250 93
9 395
205 28
116 236
43 175
74 370
116 207
74 231
268 213
81 357
121 154
226 6
241 328
98 68
19 271
85 381
159 354
0 150
163 174
269 399
67 251
302 318
258 230
253 332
398 150
224 167
159 377
268 200
164 231
176 13
182 370
249 122
333 83
372 188
153 355
46 60
34 188
292 188
181 301
294 4
17 321
340 290
388 198
164 213
233 188
232 272
50 385
181 103
217 88
17 316
115 100
21 377
220 246
349 28
50 161
205 82
194 221
141 71
155 2
343 64
371 237
201 161
20 186
177 379
28 214
252 151
197 15
255 168
368 59
133 396
3 238
143 186
104 101
104 102
195 2
197 343
174 259
398 185
45 60
109 283
223 377
344 81
69 118
155 24
306 397
211 137
227 166
20 332
42 78
359 382
136 277
360 397
138 394
140 123
222 29
174 21
80 90
215 98
153 276
326 269
353 221
328 89
70 172
376 321
109 52
79 36
151 282
191 186
32 2
16 313
62 29
313 387
253 6
258 8
61 300
343 169
304 248
80 355
217 241
27 393
330 108
96 167
369 175
136 47
202 320
349 134
164 371
153 213
181 133
157 122
163 152
94 191
118 161
21 385
201 51
340 30
4 137
314 111
121 13
126 119
318 124
249 248
7 66
48 185
43 100
296 137
128 330
3 230
176 347
162 393
18 81
372 288
247 221
253 348
247 206
144 124
15 309
391 260
22 30
356 342
88 348
302 384
147 234
297 248
132 58
224 304
48 40
184 213
352 307
165 279
4 52
235 248
253 90
125 185
34 290
259 251
363 127
31 39
199 111
18 213
33 196
81 2
105 123
349 313
167 187
66 41
109 168
261 111
341 89
340 63
179 322
87 179
84 75
121 171
199 392
48 222
225 337
384 283
149 372
157 101
367 370
150 336
184 114
291 47
266 353
217 75
95 188
331 36
94 151
116 316
160 63
319 14
160 237
361 47
67 387
87 262
234 118
382 52
98 357
48 161
151 103
151 82
297 127
364 119
319 157
194 300
295 180
220 360
102 325
337 257
153 317
99 282
79 287
17 384
242 220
391 200
266 260
281 182
167 387
192 68
26 152
109 373
178 318
136 186
37 211
205 310
362 114
234 101
26 198
25 375
263 214
53 336
109 191
189 265
96 198
159 169
252 14
339 100
193 166
317 86
140 240
153 150
264 108
142 46
134 114
135 23
63 111
177 32
43 124
40 277
160 214
131 253
163 57
274 241
73 213
280 316
323 30
215 259
183 324
327 307
159 300
306 1
312 21
143 257
250 88
59 360
170 284
125 357
73 226
133 288
15 397
136 114
142 193
190 106
247 110
34 110
250 328
208 322
149 387
81 107
205 170
224 58
23 311
144 311
235 114
269 283
143 30
359 392
176 29
48 104
26 122
232 28
31 95
143 103
132 110
4 231
263 244
361 341
274 17
32 28
99 308
380 364
34 180
158 122
73 89
266 292
26 124
266 5
344 79
54 86
195 264
263 1
261 350
227 203
366 152
136 28
319 216
380 21
268 170
306 165
1 397
116 99
351 321
314 270
174 60
105 332
84 304
276 254
297 57
181 295
291 394
42 196
34 88
333 6
48 117
391 262
113 145
334 196
215 32
179 204
87 208
194 52
42 246
87 99
54 28
249 118
199 172
95 36
275 12
50 381
125 66
368 66
136 257
183 17
324 346
369 238
167 170
142 245
368 332
49 238
167 379
379 377
7 373
275 357
11 221
76 57
31 270
376 67
149 375
17 293
379 231
215 304
197 353
218 357
392 100
177 196
64 370
125 193
121 342
222 124
27 186
218 124
361 154
31 332
191 114
327 343
360 146
118 260
38 392
55 24
66 251
312 72
66 384
67 166
271 175
148 44
31 389
78 300
158 118
201 279
351 251
15 259
292 24
131 17
126 288
334 267
352 346
249 68
170 122
304 283
215 295
243 204
359 75
173 100
314 88
314 13
379 303
225 86
131 4
65 119
282 393
164 57
76 342
16 41
327 222
323 385
191 47
125 216
79 29
220 114
359 55
75 219
302 89
173 123
21 214
48 337
54 263
225 203
15 230
258 74
316 237
239 175
16 328
398 209
139 257
256 214
19 325
269 317
158 100
191 374
76 248
340 127
26 355
46 348
80 330
54 93
226 190
48 361
331 101
22 119
281 246
273 108
53 219
113 295
26 1
398 335
99 347
301 185
148 63
174 190
73 120
314 118
269 293
131 396
121 137
344 206
376 12
353 293
1 36
271 329
351 341
88 287
153 278
286 245
18 337
264 311
109 57
131 101
212 12
181 29
39 83
157 303
382 14
143 155
46 124
228 203
109 196
184 185
334 28
359 260
273 129
147 168
104 168
92 361
3 68
93 88
113 168
140 302
208 231
37 130
376 361
239 108
18 65
256 71
128 267
19 200
0 270
151 332
317 298
38 374
199 148
232 399
18 11
49 381
15 237
249 329
343 8
201 270
139 279
390 170
140 373
319 269
132 187
96 270
19 46
178 343
314 171
59 193
22 130
313 309
26 353
285 265
320 397
203 101
31 343
218 216
32 89
58 244
254 13
120 13
351 129
105 95
334 309
69 56
258 2
217 341
139 196
183 227
352 198
350 188
96 139
292 180
225 179
333 275
177 138
302 208
147 269
247 374
69 234
152 396
125 335
359 136
11 303
25 150
92 39
302 321
72 188
274 395
128 328
17 23
304 68
331 100
153 316
340 203
234 309
99 72
350 24
140 167
76 257
80 49
20 35
121 166
8 238
313 6
54 278
249 97
222 346
183 244
276 244
117 170
210 213
223 367
359 219
241 309
168 277
200 107
371 370
70 190
189 221
19 190
245 120
365 78
155 277
37 296
158 161
261 150
359 88
189 202
358 336
319 296
388 299
343 40
176 47
352 343
178 263
261 346
379 204
16 361
34 182
26 211
343 308
49 29
126 323
183 271
197 61
181 271
366 28
183 356
167 124
224 209
38 269
349 200
239 161
301 284
115 21
181 23
159 193
23 309
292 209
176 188
25 91
215 343
366 339
45 82
305 335
191 321
69 88
206 97
391 396
271 5
262 86
243 379
58 213
121 23
126 375
99 370
270 187
326 343
153 216
17 169
200 293
141 302
87 345
398 393
152 388
191 288
306 79
289 311
352 58
275 55
362 259
391 234
46 277
195 263
261 137
183 226
58 325
225 106
224 117
371 394
0 248
398 357
211 311
337 355
388 332
256 322
255 238
201 293
77 167
310 244
25 14
197 129
376 46
66 221
205 316
320 47
254 311
17 110
140 13
353 290
280 187
37 33
140 234
304 284
35 381
178 320
10 175
113 95
10 196
178 72
255 328
386 389
392 283
77 292
10 288
272 79
179 257
40 44
46 169
391 120
7 45
357 90
272 373
272 8
92 56
305 374
99 150
297 120
295 335
333 70
201 9
339 154
50 196
98 389
306 41
312 231
323 168
301 244
94 114
202 52
327 157
178 82
223 167
193 82
349 198
99 260
26 226
142 196
53 202
349 182
160 41
371 273
207 90
136 377
121 106
249 220
26 238
117 265
18 99
147 155
386 40
19 165
249 29
63 377
366 188
210 51
217 23
59 259
272 341
345 298
104 124
84 86
16 129
164 98
242 320
174 188
99 335
383 28
376 271
202 36
104 41
128 162
53 394
148 244
99 279
359 220
217 259
15 300
104 236
121 246
9 303
142 298
304 47
149 108
334 8
199 236
302 130
34 248
334 272
365 2
149 188
249 107
243 292
326 338
144 67
261 17
366 248
32 322
296 188
135 292
30 29
181 323
73 397
41 130
210 336
85 182
67 4
17 335
372 186
153 123
250 233
323 28
278 185
334 305
117 129
25 309
96 108
327 299
69 6
159 188
217 100
158 297
366 203
312 346
391 180
123 106
353 328
190 185
319 162
280 329
95 346
53 11
46 188
331 4
131 245
240 129
383 321
92 70
11 342
112 198
77 21
110 342
200 60
382 13
53 43
121 304
142 292
176 259
200 396
315 238
20 295
218 392
125 165
334 320
399 124
121 208
147 91
126 12
143 175
113 277
386 332
69 290
339 137
193 161
84 339
125 198
294 330
350 283
338 106
389 56
152 293
356 290
152 355
263 60
275 379
69 329
280 196
84 63
276 320
339 336
386 395
276 129
253 209
176 290
157 373
95 86
16 339
10 213
258 353
200 120
313 171
386 123
369 110
173 398
140 275
210 237
42 231
58 279
266 341
276 374
182 377
285 82
228 291
242 257
37 269
211 35
391 397
85 151
158 79
143 188
323 347
297 216
245 102
247 318
168 186
215 277
366 59
174 68
0 301
202 129
195 398
6 14
225 341
95 12
398 360
21 146
132 119
147 209
75 122
80 346
50 350
22 330
368 6
160 233
211 254
366 46
184 377
7 134
281 330
230 244
104 381
159 148
23 260
318 393
220 230
266 330
353 110
27 238
184 214
232 161
167 122
286 108
53 335
351 234
7 313
380 30
380 363
184 151
11 154
25 182
364 395
249 166
281 346
257 14
54 2
142 202
241 123
197 74
9 60
42 229
304 317
34 356
116 361
63 71
20 388
269 83
98 119
340 246
224 62
232 293
263 374
333 105
112 308
153 86
107 236
308 83
269 309
16 393
235 358
22 78
53 353
100 336
121 336
159 220
159 278
363 377
242 374
11 284
228 233
69 12
365 30
159 296
174 393
148 257
271 384
183 256
116 30
306 275
212 151
215 33
337 203
305 377
274 4
25 304
326 226
264 375
383 185
25 186
314 358
220 210
382 332
357 111
285 240
211 103
228 297
158 398
355 393
206 95
167 216
212 237
42 374
179 154
313 4
30 381
84 175
289 264
227 49
340 68
356 251
312 347
340 320
232 381
247 36
248 2
157 328
222 348
117 172
294 97
264 103
77 36
93 170
206 203
11 65
98 265
128 213
292 95
41 13
345 129
148 330
120 335
177 108
391 303
363 40
333 343
64 288
286 27
310 29
16 367
151 90
333 148
334 245
150 374
212 248
302 311
334 358
77 166
217 378
195 167
9 342
225 139
19 347
232 60
383 171
134 91
250 302
312 329
211 111
250 98
79 311
268 60
144 186
147 389
54 132
351 56
383 198
22 24
249 174
19 13
177 389
177 260
228 322
266 269
3 315
158 167
349 216
28 236
143 375
217 168
9 233
80 244
103 236
158 332
128 97
302 101
147 148
268 99
242 89
79 111
235 102
116 348
256 399
380 304
53 304
160 124
32 129
286 91
77 367
203 166
234 130
286 44
319 291
69 343
294 310
70 324
78 394
113 300
140 208
258 260
201 59
3 273
320 137
143 2
9 28
183 296
147 55
250 200
3 338
302 303
312 168
165 71
207 204
206 172
141 171
145 236
224 99
183 337
35 347
252 52
99 203
43 251
333 384
258 234
390 61
133 110
15 219
164 175
201 110
178 134
392 357
37 259
147 165
234 356
249 124
73 337
252 280
170 214
354 300
151 381
87 102
69 155
359 200
239 28
242 40
77 71
330 111
338 204
99 175
235 79
222 298
163 203
212 219
42 5
115 283
91 236
368 356
164 107
128 4
59 307
189 162
173 89
19 320
125 170
266 297
67 385
85 171
344 214
26 72
232 132
197 318
275 1
38 49
224 151
333 279
117 103
48 207
215 30
323 49
72 196
375 246
74 293
184 240
202 355
67 185
305 161
133 254
193 36
3 59
35 219
127 219
361 301
361 322
200 124
112 322
380 165
113 57
368 354
197 180
379 29
123 277
276 210
96 32
360 244
17 305
366 192
181 43
158 136
184 192
391 118
179 307
257 47
345 384
197 9
376 256
76 372
382 118
329 57
382 379
184 2
341 307
113 317
66 97
227 385
268 388
32 146
113 88
269 316
362 101
259 185
16 254
349 389
143 244
275 233
306 230
149 154
149 239
353 155
77 200
389 393
212 65
152 192
9 330
247 145
223 93
48 74
136 389
242 114
17 36
275 278
323 185
195 246
376 124
99 221
369 278
328 260
96 300
69 86
343 290
197 276
318 44
292 370
319 103
391 336
154 348
87 356
17 12
368 202
296 287
318 161
328 288
38 364
269 257
267 119
20 86
324 185
220 168
9 51
67 203
306 4
241 394
230 90
46 284
345 71
211 186
142 203
54 106
140 36
225 64
358 393
337 207
190 13
356 303
177 395
72 348
365 110
180 238
153 384
9 374
228 328
365 395
235 382
16 324
135 71
121 196
53 322
355 238
53 257
294 89
69 312
268 104
154 130
263 395
99 129
77 345
67 282
115 395
270 198
199 356
173 13
54 256
195 60
139 95
19 174
55 395
365 374
268 14
39 8
136 175
41 237
384 219
74 79
98 246
217 106
121 46
382 216
87 285
344 291
159 358
389 219
8 279
3 360
206 238
262 36
16 102
133 122
266 171
212 134
391 155
61 122
371 155
70 198
390 313
42 46
226 145
265 83
16 320
50 241
211 91
271 71
37 81
16 205
37 194
221 377
184 60
292 262
120 111
258 36
331 161
354 196
142 332
164 291
139 296
261 8
92 255
39 86
368 308
78 119
55 309
302 238
113 14
184 335
199 280
153 63
25 229
250 292
281 313
113 2
330 106
179 305
316 57
378 6
123 52
143 348
132 208
215 257
272 257
341 284
3 222
323 222
160 236
7 234
285 399
271 262
358 238
340 310
338 89
37 251
286 297
26 213
43 4
304 40
39 288
162 101
392 388
366 103
250 68
178 114
94 356
383 269
178 90
184 275
261 339
319 308
77 179
139 244
241 283
21 71
253 150
398 389
152 4
157 150
365 102
34 74
339 265
191 300
223 292
194 187
268 256
250 72
264 287
143 150
115 255
98 88
323 102
195 46
16 98
158 222
350 238
258 188
177 263
77 308
249 66
320 298
143 254
19 202
390 33
183 382
297 210
163 357
245 108
224 254
87 55
132 6
205 58
87 104
157 395
361 219
189 372
253 282
197 317
125 293
248 307
312 4
0 222
273 322
163 219
160 29
379 396
351 213
54 133
19 79
121 216
182 301
109 259
343 155
34 315
361 209
85 93
178 15
135 22
371 71
42 300
147 347
116 341
249 134
234 240
289 86
362 358
33 27
340 361
191 384
25 192
50 168
53 40
302 41
141 372
245 154
319 392
50 40
339 332
32 196
96 238
139 71
112 91
361 288
80 381
334 12
349 171
50 127
131 157
53 180
297 130
258 117
145 244
285 88
115 146
144 350
43 305
40 251
157 282
232 305
208 309
155 137
261 312
115 39
50 157
382 298
87 120
184 353
201 203
151 221
66 317
302 90
27 246
333 300
128 394
315 129
79 231
312 305
217 245
97 219
211 110
48 200
116 61
331 395
362 165
117 56
81 14
118 188
286 196
232 134
317 374
281 364
84 325
141 65
41 14
295 83
366 321
333 0
73 353
144 397
182 35
263 308
151 379
158 47
179 122
217 262
343 72
23 377
225 330
304 207
380 44
211 114
7 30
274 231
351 367
46 119
291 89
380 90
84 259
85 271
227 29
253 101
369 103
331 208
363 231
80 322
352 17
368 260
177 203
61 57
144 384
173 169
104 65
151 192
324 307
132 86
184 5
392 89
265 397
341 238
201 238
58 395
365 168
69 396
163 371
139 374
243 322
328 219
42 168
92 110
135 240
115 231
228 39
104 1
26 91
239 55
232 335
67 168
289 136
160 367
20 47
343 57
363 350
92 172
134 370
259 396
264 60
271 89
37 230
315 108
123 166
382 278
361 330
139 325
392 180
271 397
341 251
87 185
102 57
242 370
351 381
235 233
241 118
7 175
154 311
358 346
250 264
272 172
128 168
100 57
3 382
62 24
11 379
48 32
121 136
121 260
184 239
131 148
391 6
53 239
362 58
351 89
163 79
152 137
314 79
218 301
37 221
326 57
360 119
201 32
139 332
234 146
11 317
192 209
121 112
323 214
312 161
9 5
217 78
34 169
164 27
320 124
22 162
114 397
54 185
77 22
326 14
28 146
46 355
286 98
48 309
184 138
225 280
371 47
94 206
110 396
121 393
141 320
54 335
317 332
69 137
59 65
18 105
274 60
77 45
174 373
263 150
154 188
31 111
125 295
225 24
268 58
269 381
156 237
131 295
253 154
271 137
376 134
70 311
162 82
323 145
285 216
142 209
337 28
164 89
156 60
326 134
252 221
391 220
202 145
218 300
135 210
22 244
223 285
338 14
207 124
372 231
398 324
281 321
352 367
147 322
191 86
225 310
78 146
84 166
344 60
22 298
153 91
176 62
294 257
0 97
91 377
65 336
84 27
173 97
94 86
327 6
104 204
113 61
20 59
228 260
116 292
158 255
109 15
289 80
34 168
253 106
361 305
383 283
218 315
258 123
333 14
344 44
388 336
242 358
349 119
113 99
177 187
39 55
269 307
266 198
225 348
7 28
73 370
382 305
302 72
274 278
292 379
361 364
123 171
4 106
327 265
143 341
160 118
110 394
50 8
157 13
181 203
218 245
31 287
10 358
70 399
391 108
241 233
359 185
258 78
217 364
266 385
210 124
157 65
6 246
143 323
11 358
392 346
37 192
54 88
33 198
376 337
182 89
34 102
225 82
25 240
19 156
292 165
339 27
88 71
98 283
74 238
183 62
84 44
43 103
206 102
267 303
70 86
144 272
333 394
269 6
159 265
39 384
264 332
302 356
164 350
376 58
63 108
205 155
156 123
235 194
355 2
9 170
319 90
215 216
369 179
50 273
344 88
184 285
139 97
143 280
232 101
253 329
92 43
327 188
222 204
225 269
380 246
169 293
239 290
215 361
375 71
80 387
369 348
93 145
386 203
94 105
54 57
126 14
243 307
184 9
128 21
85 347
369 41
371 86
339 259
207 172
339 41
147 172
131 179
33 146
245 97
67 254
42 227
326 117
85 180
368 230
84 267
48 107
333 345
205 342
11 350
358 397
261 219
102 166
275 311
123 347
340 332
140 255
226 260
61 214
87 364
399 347
92 35
85 80
319 205
38 117
50 190
34 204
142 275
222 244
292 146
324 204
328 244
9 298
76 393
248 303
340 102
217 310
249 130
266 62
192 124
266 338
257 311
85 277
350 288
19 323
159 312
386 33
340 248
357 335
76 55
223 4
339 88
43 346
261 210
8 311
94 112
338 244
173 385
317 204
339 145
268 373
0 47
16 303
37 32
323 95
31 65
87 127
54 270
112 279
225 172
42 90
156 6
207 311
349 354
160 100
94 317
386 282
140 57
80 204
369 298
352 355
345 375
382 324
133 162
315 394
320 214
173 55
249 216
197 58
141 310
75 60
6 325
18 392
163 248
50 259
242 375
351 120
228 371
120 209
368 375
151 324
197 355
46 238
33 309
327 377
113 374
138 100
220 49
239 61
224 6
181 188
112 101
3 198
19 384
109 378
194 90
249 99
234 370
294 106
17 357
295 90
81 282
77 377
195 254
77 288
379 322
59 265
26 387
173 72
256 221
380 347
201 179
113 345
339 296
362 186
243 378
26 97
22 348
35 298
131 99
38 248
334 55
313 64
262 346
224 208
61 309
195 210
110 90
217 244
76 62
125 206
136 130
230 381
371 288
243 122
249 294
379 52
31 192
361 284
217 300
39 373
115 303
271 299
84 43
17 154
328 279
109 51
340 219
331 166
120 348
245 14
34 345
258 194
181 59
353 231
73 267
189 110
250 118
263 166
184 229
136 233
121 338
226 8
330 348
98 27
175 374
78 377
11 171
358 298
183 114
143 240
387 57
281 317
289 357
16 308
250 207
272 118
3 395
295 97
76 211
221 381
84 337
163 30
252 172
378 57
1 237
131 291
138 102
195 67
189 57
169 300
327 341
351 397
9 310
164 244
28 122
46 330
255 1
352 203
267 86
70 381
28 307
345 145
173 244
234 41
363 188
3 11
208 290
138 379
201 95
366 145
226 311
84 83
258 285
95 68
351 67
148 373
352 398
80 198
341 303
320 187
174 78
243 82
331 323
234 23
73 138
324 68
270 260
42 61
55 161
58 377
215 270
181 82
276 298
313 49
295 342
109 295
121 9
54 291
59 248
226 222
148 1
140 328
85 204
264 40
18 336
85 293
121 387
163 2
259 373
181 285
205 196
81 137
115 318
164 387
228 335
141 392
337 155
158 104
245 233
205 60
25 292
48 83
340 343
26 111
92 335
37 156
256 283
98 356
4 57
37 208
126 254
138 335
310 119
158 193
223 58
326 90
104 51
131 146
243 360
276 373
135 104
388 186
77 106
7 303
84 221
249 303
115 350
245 1
253 305
183 46
42 32
250 61
360 130
174 282
37 30
162 24
148 219
345 394
211 385
369 332
323 279
147 360
162 370
153 370
205 360
333 138
173 259
359 151
21 47
38 186
286 324
34 57
139 348
151 244
327 111
195 355
45 311
10 167
190 396
376 23
21 187
94 323
362 245
313 381
135 241
211 315
351 298
10 118
138 49
253 78
258 0
21 260
255 88
268 198
276 119
126 246
151 216
268 72
345 1
256 21
191 305
92 103
170 13
4 186
159 253
19 14
7 259
199 127
25 280
7 100
149 367
313 332
175 188
168 373
225 355
179 61
334 254
87 367
139 175
107 13
180 347
37 57
105 165
80 237
266 112
103 52
42 209
104 379
153 204
74 240
256 6
215 108
349 309
26 41
339 270
242 39
31 233
33 172
280 341
15 137
282 322
341 279
3 136
132 107
341 83
376 119
221 188
87 399
291 166
142 80
3 58
84 59
271 75
58 216
32 150
275 30
205 14
38 238
232 388
256 166
92 377
240 321
352 207
116 35
70 210
270 332
226 90
38 264
32 219
96 111
9 262
268 56
102 14
27 307
104 230
127 83
45 186
235 67
28 311
232 329
225 321
17 30
184 22
177 397
334 256
383 244
212 130
340 175
107 346
167 24
42 307
28 325
104 180
398 40
84 206
54 186
369 313
285 57
69 231
193 52
158 156
274 98
149 63
38 146
64 36
58 309
54 378
269 161
334 119
273 51
151 236
333 60
190 335
250 240
224 298
263 262
115 374
102 244
80 278
141 11
351 57
378 106
366 375
76 233
366 80
53 378
26 260
305 219
366 288
363 146
230 108
276 221
271 388
250 30
289 198
109 47
272 318
224 161
362 395
372 91
228 150
46 79
254 394
33 89
160 174
149 12
164 330
133 221
33 238
261 187
48 302
76 192
157 107
143 219
113 24
134 118
215 60
355 82
226 13
384 129
117 41
306 17
1 311
95 13
25 388
178 146
264 146
10 43
383 21
8 394
67 270
333 175
223 66
360 89
314 200
340 335
20 127
7 43
314 91
355 288
15 78
26 78
252 302
165 204
280 388
28 394
355 13
349 148
84 123
97 2
267 381
116 392
43 347
132 277
69 325
133 88
234 278
392 63
200 248
319 280
202 213
226 357
276 348
94 313
193 348
223 350
81 283
159 216
178 316
384 71
228 1
178 339
360 332
164 29
178 309
3 322
312 307
252 345
126 367
344 114
355 119
17 273
250 278
21 101
116 371
242 90
160 329
92 240
150 36
212 103
162 246
222 293
45 209
80 309
64 287
11 95
9 172
360 57
140 280
109 89
376 364
362 17
223 43
93 305
142 180
341 71
217 316
175 108
380 78
73 22
323 169
50 244
178 325
93 192
281 379
292 114
37 370
195 27
252 284
158 292
125 251
148 318
0 311
136 246
217 285
225 170
98 328
80 288
113 71
95 219
316 299
331 47
192 237
109 119
162 342
218 257
46 192
113 241
242 208
49 279
340 39
242 271
175 303
107 394
147 321
308 213
144 208
205 273
310 393
297 317
120 395
270 277
98 146
34 93
343 111
387 395
200 311
151 110
80 5
35 122
11 86
331 136
155 68
173 170
147 358
255 300
206 47
345 78
306 245
143 89
327 300
274 310
247 23
276 127
222 137
8 36
128 384
67 244
75 251
345 265
96 46
398 130
43 28
167 335
323 204
73 98
390 162
153 299
109 59
328 290
351 112
365 329
383 35
386 208
143 297
195 175
268 154
391 127
38 371
289 95
230 186
268 148
153 99
16 329
153 253
131 311
201 41
125 356
19 146
115 103
135 112
37 207
6 342
356 108
286 47
77 388
50 210
344 251
232 237
352 122
255 377
22 354
312 44
42 279
70 221
314 378
285 288
125 112
10 114
157 257
304 387
398 248
234 64
113 343
70 58
265 187
16 290
362 130
15 65
147 239
319 86
18 21
201 381
218 206
35 187
297 377
128 255
223 137
375 332
30 332
10 191
220 348
259 171
38 129
189 86
359 174
203 309
320 231
151 293
148 30
18 226
369 265
242 29
226 47
6 244
360 90
195 32
328 335
257 287
257 374
313 101
125 395
297 370
297 45
143 384
254 204
354 172
115 342
215 157
160 15
368 282
20 269
250 363
217 358
310 396
275 283
217 254
62 282
80 40
380 75
54 381
294 346
369 180
296 213
274 320
175 185
261 277
376 205
69 293
184 171
155 251
344 353
202 57
167 279
308 185
182 58
195 137
152 356
378 91
189 83
104 394
289 112
360 196
154 187
264 127
140 68
3 234
205 55
66 57
271 257
323 308
74 303
378 168
289 29
145 279
69 254
148 338
261 321
22 248
247 51
243 83
313 279
272 219
345 23
16 357
194 122
178 168
167 377
197 155
121 192
225 39
128 387
333 101
242 60
21 185
268 103
54 396
65 71
67 321
22 23
173 230
314 213
334 185
268 44
242 371
261 152
163 205
227 193
169 13
229 393
378 394
266 208
11 305
323 311
148 310
109 58
201 114
323 72
233 129
212 287
249 75
252 309
184 273
362 180
266 304
308 219
173 101
26 151
164 60
316 277
118 146
1 51
197 139
364 196
201 231
390 134
323 55
85 304
141 384
59 320
225 62
331 302
248 90
265 322
386 139
339 388
249 384
232 341
31 398
177 309
79 237
202 288
367 396
184 241
345 254
390 310
320 108
233 90
37 220
70 231
191 146
344 239
85 388
339 374
313 338
135 191
386 353
356 186
147 350
208 251
48 214
63 57
148 298
189 320
330 293
225 66
225 101
228 47
145 347
46 236
286 259
123 373
143 168
19 2
272 78
245 357
34 372
362 291
143 106
10 325
123 209
232 345
140 61
127 101
217 315
165 12
328 24
10 103
312 8
19 284
314 245
391 145
301 198
235 371
143 367
39 60
8 13
40 287
69 14
386 22
239 210
245 329
120 124
230 385
22 238
245 186
224 287
351 198
102 219
354 204
272 75
184 15
183 4
102 307
212 45
74 6
211 290
261 370
225 282
220 370
140 9
191 29
390 271
217 290
25 60
39 324
20 52
241 282
177 202
294 385
38 139
125 127
337 265
157 287
43 354
142 388
380 139
191 111
291 357
142 47
340 98
375 82
80 364
225 11
387 396
39 370
267 238
261 33
96 244
243 29
331 290
143 392
97 186
98 214
123 251
176 393
4 204
363 288
383 205
98 162
341 106
212 46
153 227
109 46
281 377
99 171
330 187
357 303
232 29
158 395
272 100
354 185
334 40
314 384
376 56
192 186
369 388
212 317
114 86
326 101
162 90
156 395
339 68
217 6
115 119
149 179
53 67
327 196
205 374
113 106
365 357
16 221
310 185
66 192
378 216
199 67
131 283
192 394
9 118
54 21
93 45
258 395
31 208
114 231
235 294
224 132
201 83
133 273
176 28
235 174
340 80
371 114
100 187
138 83
113 155
33 100
85 70
73 343
67 83
392 254
73 100
225 51
149 241
351 192
17 170
306 150
39 210
35 83
375 172
144 353
291 6
170 373
359 122
294 168
87 35
142 9
19 124
169 385
324 44
269 335
334 208
38 24
191 393
33 155
22 64
215 112
319 161
23 237
304 222
154 287
224 52
63 119
7 393
343 396
359 145
191 154
16 283
123 89
200 171
132 379
144 377
76 259
310 370
352 316
100 51
183 241
199 165
190 397
182 86
292 342
212 137
91 188
126 67
19 62
388 209
72 236
302 207
113 78
179 130
250 251
212 312
19 226
138 204
70 370
334 301
268 372
126 315
138 342
353 395
87 112
163 4
142 132
133 290
73 378
199 40
230 251
255 204
42 65
53 363
235 132
289 71
10 24
121 251
333 272
212 91
259 393
134 41
225 165
144 24
296 277
63 346
37 388
398 101
76 90
178 167
125 257
176 67
180 68
265 29
38 292
232 339
289 90
369 253
221 394
113 238
179 110
390 239
271 395
324 336
350 385
327 162
302 282
148 230
183 262
357 284
39 63
263 155
247 300
35 129
275 72
319 58
177 231
308 71
285 293
275 68
223 229
252 374
226 196
368 241
140 273
280 396
323 165
179 91
149 58
72 394
85 106
79 216
224 382
177 206
383 384
386 257
115 81
127 60
202 370
291 58
144 106
80 233
286 254
131 174
247 358
319 358
379 196
382 188
64 124
304 230
274 277
376 325
39 301
253 246
53 188
249 102
184 139
312 309
391 39
274 55
23 171
66 64
175 14
43 185
343 222
16 282
156 358
158 70
235 220
224 70
76 272
278 332
306 106
59 204
263 165
22 293
125 138
388 129
164 398
173 338
270 287
392 204
261 358
380 194
362 52
384 108
351 111
54 273
23 246
135 105
314 145
190 108
361 13
95 395
353 355
134 154
148 384
115 310
271 310
225 313
207 137
314 35
211 213
156 1
182 238
383 168
149 385
280 381
41 287
294 347
131 112
316 394
125 300
243 111
193 238
241 219
151 64
34 117
54 49
273 251
67 110
87 133
174 357
333 171
313 335
263 118
281 240
218 321
145 171
70 187
362 64
261 292
257 216
152 354
359 207
220 180
245 193
228 226
179 389
63 89
280 120
151 299
343 21
215 150
114 137
197 291
160 65
191 78
135 355
136 97
142 55
147 361
386 74
93 358
177 312
99 114
261 65
337 316
121 337
150 287
210 309
235 256
241 379
206 40
378 129
92 106
27 106
128 139
280 165
243 293
220 332
175 36
234 97
125 213
38 221
222 393
162 188
210 346
296 219
297 61
74 103
201 315
183 5
20 315
61 287
34 299
92 396
240 29
11 64
175 106
181 321
352 208
339 328
53 129
31 288
150 236
353 40
176 139
211 329
195 358
361 395
227 229
0 6
314 60
291 298
361 186
358 83
134 21
95 374
351 175
54 222
81 325
31 61
102 124
241 168
32 296
289 206
313 329
109 346
163 284
344 157
30 251
285 375
364 284
70 114
225 317
225 254
197 203
151 8
85 118
274 283
85 372
200 355
15 377
177 112
107 57
67 49
268 339
200 221
104 171
280 63
148 71
241 347
156 251
85 146
142 65
271 208
319 354
261 120
33 88
194 78
243 238
183 308
6 36
241 188
257 246
205 120
178 399
156 120
199 75
91 198
326 342
337 278
85 117
33 185
167 180
67 107
156 282
125 17
113 46
109 188
365 41
222 90
271 101
334 311
313 111
344 72
109 279
113 234
155 381
274 373
289 295
380 108
312 207
143 279
53 101
79 279
340 190
363 282
286 157
343 45
289 6
369 62
235 271
310 238
113 321
383 238
167 47
205 399
31 355
339 72
156 64
256 385
281 145
366 259
197 394
143 169
306 394
372 127
20 234
324 213
113 293
206 325
94 83
360 24
163 124
149 5
339 370
362 342
22 347
349 175
282 237
291 307
326 311
314 345
356 14
215 36
333 122
344 204
32 168
53 229
344 259
200 165
313 2
159 168
76 17
65 394
221 299
359 101
64 196
43 330
285 257
285 210
194 374
77 169
203 300
133 192
194 311
378 89
383 193
328 284
9 108
333 119
382 341
245 168
235 9
310 124
43 154
226 86
386 119
362 285
84 0
140 296
390 321
62 342
85 155
223 64
70 284
224 330
349 262
104 251
232 64
160 93
163 193
45 172
229 214
228 378
269 367
382 51
115 271
26 379
18 206
297 56
7 23
275 381
319 339
87 167
304 130
320 68
201 265
8 260
340 185
365 57
223 204
314 210
9 55
215 348
201 145
18 374
317 214
18 288
353 13
75 325
297 89
178 68
225 388
128 379
11 321
362 293
73 222
177 292
115 185
392 166
30 83
375 325
87 46
7 46
331 187
297 307
55 108
297 311
85 237
349 146
250 310
297 166
295 12
323 29
93 219
289 62
333 139
333 296
323 213
382 2
115 47
39 307
362 310
151 44
232 330
314 168
326 190
143 381
258 216
220 110
158 58
127 246
132 394
261 104
392 316
54 98
314 127
391 320
134 95
269 41
173 93
258 263
351 166
141 260
199 257
81 270
58 14
155 397
144 293
202 88
218 318
378 52
135 375
228 105
256 330
211 370
234 342
371 360
22 236
242 97
31 157
334 194
58 130
366 24
149 282
74 287
132 127
96 336
43 283
76 325
349 13
25 347
316 393
147 220
247 185
181 304
389 188
163 246
96 371
25 89
114 342
81 8
67 336
376 102
353 282
285 187
173 61
389 237
149 198
253 8
96 29
152 47
163 83
117 162
121 382
372 335
222 86
391 202
371 321
291 259
54 161
315 89
110 277
84 111
85 246
21 86
54 82
54 321
84 188
177 287
271 270
234 166
392 389
285 108
59 251
147 15
263 325
178 67
386 283
114 374
3 307
85 220
202 13
177 167
340 101
221 214
155 12
334 230
85 316
305 284
77 86
26 335
37 270
134 293
96 312
331 329
271 244
221 277
319 290
289 267
96 9
337 102
313 161
294 186
135 248
285 260
223 279
268 236
363 219
174 332
138 397
258 46
375 119
74 45
157 316
398 64
268 171
312 171
80 209
327 175
304 150
178 241
254 231
22 311
143 29
173 194
180 24
53 196
257 283
228 102
3 139
7 129
11 75
177 157
162 166
112 233
48 58
132 122
123 47
327 120
215 346
271 129
351 330
297 65
235 46
218 365
380 203
105 387
351 40
181 165
281 387
366 317
326 188
200 316
234 379
289 210
195 171
376 303
270 238
25 56
331 363
249 310
359 161
9 229
281 102
366 316
118 231
212 205
58 90
201 236
189 51
126 219
274 312
193 187
328 171
357 106
55 119
285 24
369 21
227 82
337 222
225 81
105 118
128 360
221 209
337 23
7 21
151 373
243 59
107 260
41 119
218 316
398 387
174 210
361 236
223 295
37 93
59 207
128 317
21 300
211 257
344 32
235 193
190 377
160 30
66 51
314 374
205 101
292 318
18 325
157 172
224 347
334 166
61 216
372 28
160 47
294 284
382 257
352 259
104 273
243 114
215 68
183 379
181 338
369 194
353 260
15 58
103 130
326 49
215 395
248 251
271 265
390 202
20 193
333 172
247 260
133 95
386 63
81 301
158 354
280 155
142 313
150 171
131 204
66 122
140 161
118 122
125 263
150 106
77 297
31 62
257 185
355 347
344 67
225 188
228 182
149 56
331 348
247 78
183 188
181 209
317 260
115 150
42 358
343 129
250 325
218 107
97 393
235 345
128 111
78 124
30 284
345 299
140 392
324 279
70 214
160 81
388 238
37 52
266 95
261 46
79 374
67 86
19 58
265 335
351 80
159 8
224 180
344 339
74 89
317 101
319 98
8 171
319 22
184 46
314 12
199 282
163 320
80 273
234 171
141 246
50 294
375 290
392 309
333 220
274 111
319 300
218 79
156 146
80 79
349 377
371 196
148 259
43 95
153 4
268 395
228 283
84 136
386 103
140 332
53 227
32 169
382 114
202 300
220 83
76 206
126 111
92 375
138 79
38 295
304 233
121 156
173 304
25 70
15 198
59 332
241 175
319 310
131 343
138 51
378 12
266 355
229 381
304 110
25 127
234 347
103 129
9 130
138 1
266 255
297 27
295 357
165 244
127 185
105 97
165 56
74 310
144 389
126 332
352 312
77 60
103 347
226 91
120 172
74 119
65 377
294 71
266 245
98 123
193 185
76 81
194 6
334 124
232 59
199 240
329 342
362 210
302 240
97 171
289 2
167 114
262 381
368 148
7 168
144 361
50 35
340 392
91 347
206 282
144 374
176 345
153 277
121 198
314 104
128 294
177 166
368 367
340 179
296 171
349 301
223 207
247 83
73 318
295 315
274 9
206 51
92 27
249 169
35 395
98 299
181 316
183 2
327 392
167 396
359 98
292 185
92 206
99 385
62 320
353 198
116 360
128 55
69 11
333 12
74 356
123 186
20 343
291 277
247 180
160 308
94 370
245 103
206 29
226 283
173 179
249 210
202 305
32 30
18 209
312 6
390 304
147 315
319 136
167 389
242 82
203 336
292 358
261 47
249 348
143 57
324 290
140 93
25 4
194 89
39 399
76 302
182 318
212 316
138 75
72 246
211 308
217 264
306 82
66 342
151 384
164 322
202 103
3 237
258 273
153 374
212 111
115 353
93 355
38 387
334 44
221 90
48 134
33 180
7 378
116 342
355 196
103 394
26 29
386 241
399 60
195 305
189 336
33 284
16 182
235 11
173 35
109 265
42 375
345 47
215 313
191 52
239 381
264 180
116 375
391 44
98 251
250 41
195 241
274 276
152 122
382 95
102 321
225 110
203 394
18 51
250 6
334 255
344 221
224 111
87 256
212 239
48 343
235 8
113 260
73 244
229 322
343 166
126 210
191 238
205 165
63 244
263 161
382 187
30 303
337 13
62 246
156 259
160 99
383 292
104 229
217 343
81 287
164 295
273 290
363 72
329 260
239 145
152 308
140 2
352 0
141 188
285 338
17 265
220 278
351 118
334 154
48 346
19 295
323 290
368 385
177 191
338 373
154 336
314 108
59 395
308 124
114 287
197 124
23 146
139 82
74 278
28 119
150 231
276 360
184 236
147 275
164 74
177 88
69 80
152 303
73 151
167 270
350 298
295 385
217 214
50 322
177 83
378 329
323 377
267 293
173 339
234 346
281 28
53 179
372 209
79 397
152 52
177 82
201 288
70 169
134 288
223 193
149 130
398 165
76 93
249 271
315 44
275 103
200 308
53 303
359 341
249 157
201 174
240 246
211 29
365 335
168 188
39 56
328 322
194 385
112 120
153 56
340 345
18 175
182 283
144 315
391 24
235 290
232 35
369 241
235 124
286 379
212 244
264 83
138 146
340 22
73 371
256 265
73 209
232 271
49 24
243 132
31 273
369 231
225 145
18 395
292 41
11 287
148 248
304 299
344 311
206 111
72 277
131 233
349 14
192 321
113 325
317 394
147 392
25 95
349 321
362 297
285 75
217 134
88 342
306 21
320 29
131 150
163 210
37 67
383 246
195 284
46 165
69 64
364 251
167 308
54 91
18 117
165 293
314 43
364 60
81 324
235 29
366 330
59 381
32 41
18 172
81 45
84 61
257 393
38 345
3 117
174 130
353 364
10 328
289 148
26 106
357 237
218 205
33 57
54 244
223 91
20 280
33 283
136 222
361 83
295 296
235 329
26 271
275 165
281 175
258 378
352 385
115 172
73 304
343 311
312 88
263 355
87 168
340 14
263 91
276 29
179 146
227 13
353 213
355 395
313 316
265 213
120 44
314 68
138 186
340 325
327 180
25 313
33 12
320 82
26 236
28 374
140 222
123 370
50 251
281 122
135 161
182 282
302 52
323 317
62 44
91 397
391 329
226 170
53 52
228 99
271 58
140 102
153 354
42 337
69 278
203 172
133 379
268 9
199 60
0 51
117 107
31 59
23 24
274 5
92 107
26 275
252 57
256 4
221 196
174 108
217 216
195 265
62 350
67 108
26 99
286 338
113 294
197 308
218 86
178 172
182 51
26 132
353 108
173 22
54 221
281 357
250 208
212 61
223 67
149 194
208 298
353 316
19 267
121 322
91 321
242 309
117 216
183 387
131 221
226 95
180 119
215 300
239 91
132 214
38 257
212 345
323 118
49 122
38 114
274 146
392 229
5 299
32 330
165 24
112 13
253 187
118 124
42 67
268 396
314 98
42 133
386 72
153 107
154 68
20 112
376 43
134 65
69 382
193 60
33 248
10 370
190 57
109 382
274 28
145 246
142 237
116 389
148 72
291 309
131 13
177 170
220 123
227 175
360 393
297 72
117 342
69 40
152 165
116 208
69 82
123 216
205 193
131 304
291 354
366 325
345 236
102 288
334 374
133 287
272 222
33 316
273 303
149 354
94 1
126 248
121 323
136 204
218 105
265 385
229 336
15 180
163 17
359 168
319 394
267 348
158 190
223 2
212 182
215 234
234 283
27 237
97 57
17 389
109 65
179 44
73 379
34 155
371 13
46 316
267 101
109 12
269 137
150 86
96 106
333 193
270 300
264 95
140 198
159 325
378 284
243 162
149 269
266 64
10 35
142 312
285 14
205 364
183 322
79 213
223 185
23 288
327 47
242 317
255 296
116 146
160 325
218 59
223 396
239 236
179 393
48 287
105 320
20 272
109 388
327 43
18 78
19 230
275 78
76 200
291 5
235 311
289 28
340 245
274 168
53 328
291 310
351 24
121 325
315 188
144 233
339 23
81 233
269 277
131 234
365 222
379 381
18 104
337 260
134 396
94 300
253 61
215 4
314 11
264 355
26 168
268 12
125 192
258 374
391 388
22 338
228 0
4 166
361 213
191 41
141 82
380 265
234 303
98 346
334 17
363 284
344 5
253 321
313 57
34 148
274 152
148 354
232 276
160 154
212 262
362 148
145 214
220 290
42 325
261 146
191 45
344 152
326 71
184 168
20 382
81 172
250 193
252 297
319 317
380 27
176 246
69 72
141 253
177 209
366 168
168 237
361 282
0 82
37 264
399 213
20 30
282 395
371 58
226 375
189 245
75 36
174 145
258 86
224 0
53 357
200 229
333 166
109 179
226 301
37 337
96 81
264 120
74 254
352 196
132 222
202 237
148 394
107 198
297 356
356 106
350 57
217 227
199 82
353 78
131 57
235 80
178 43
118 370
140 335
115 17
274 150
278 395
45 13
211 61
178 60
49 309
179 171
149 251
126 62
247 396
115 282
205 35
94 312
212 301
398 102
268 278
164 299
378 342
142 267
268 136
176 294
128 22
215 238
356 370
164 2
170 188
139 118
232 374
164 207
301 395
134 316
183 263
258 236
100 124
139 58
351 136
201 239
398 145
97 161
87 373
53 317
297 40
152 358
212 55
26 272
368 348
375 146
91 47
81 214
239 322
358 283
105 317
178 155
107 89
105 83
73 136
199 17
158 230
340 51
313 396
202 193
34 179
398 257
327 185
326 234
249 299
243 357
19 238
31 241
49 198
296 216
386 200
227 165
276 293
386 28
243 297
96 123
74 190
131 162
359 119
33 384
79 188
301 342
38 279
387 260
55 89
368 78
75 277
55 397
289 74
371 44
264 4
225 52
286 302
330 381
93 360
223 374
391 52
304 282
54 372
387 51
156 328
308 13
48 106
242 259
306 167
183 299
308 108
193 122
98 394
398 315
38 357
241 192
247 389
148 284
390 192
31 104
294 208
232 40
103 89
280 346
112 6
70 72
178 230
96 330
70 41
218 339
215 392
62 47
48 273
81 379
368 372
380 72
326 381
274 51
312 330
189 75
271 168
153 398
286 2
253 108
314 206
64 373
268 47
28 377
3 354
380 393
200 358
128 86
0 367
222 82
74 330
331 358
7 161
96 337
81 103
4 12
199 214
34 347
26 364
386 152
38 280
272 342
149 257
136 89
144 336
126 389
345 5
226 52
250 185
69 269
138 95
228 271
53 381
242 329
17 35
77 254
292 120
67 325
243 221
112 57
241 35
326 371
144 162
263 357
34 22
115 373
331 328
142 360
228 277
94 395
267 325
234 14
149 180
10 150
33 357
178 13
120 393
255 233
117 45
353 375
11 214
314 82
77 174
375 122
184 298
324 14
116 167
274 130
142 119
371 65
286 166
369 11
84 373
291 283
0 329
87 343
331 138
133 108
201 269
243 146
369 187
77 88
258 373
232 86
156 210
270 237
131 198
301 130
294 389
194 100
22 169
318 279
369 356
326 182
352 100
378 88
17 47
96 24
368 239
318 171
177 107
117 40
46 301
243 206
235 347
399 307
54 313
351 388
142 341
230 277
266 56
249 229
193 347
173 360
148 21
382 130
149 216
356 36
6 393
153 279
312 114
280 229
354 307
388 260
194 322
247 285
253 23
351 222
87 354
215 70
93 72
261 385
349 156
375 219
99 213
194 58
123 397
318 237
92 260
326 44
364 166
109 108
195 119
48 231
155 246
19 161
0 300
168 260
302 287
313 348
16 388
316 251
208 171
159 305
317 137
217 257
148 377
398 208
177 49
9 61
310 219
315 216
134 172
31 248
235 12
343 1
234 24
62 120
391 239
126 262
241 237
375 299
380 61
195 91
174 29
128 309
282 106
127 237
344 89
195 234
235 234
11 2
274 301
390 62
330 300
10 284
93 75
365 254
259 196
232 307
339 335
177 68
245 358
98 192
340 329
291 279
184 71
258 341
362 320
125 202
178 74
116 186
249 12
276 198
11 55
148 328
142 220
351 62
243 28
383 151
252 337
243 211
116 111
369 350
268 283
92 290
74 58
285 350
331 269
295 370
34 66
126 335
266 91
164 282
217 186
33 260
217 324
25 365
96 5
356 311
313 123
327 399
93 49
170 377
330 89
18 292
192 283
253 103
42 220
182 52
230 82
167 52
139 298
230 290
3 207
380 162
368 138
6 209
386 44
7 214
167 360
247 364
201 187
20 90
294 129
16 133
33 83
191 64
175 71
45 236
272 36
30 238
369 284
92 138
1 204
212 204
261 317
143 81
80 284
362 21
132 325
343 384
202 287
183 346
149 277
143 346
368 100
159 61
243 13
313 273
326 161
113 297
153 185
189 394
207 346
165 298
110 137
177 316
3 270
221 216
301 52
92 4
170 279
333 86
352 269
202 45
310 166
84 32
366 378
181 112
264 166
255 57
197 49
351 105
154 284
286 154
195 216
199 283
355 394
87 335
266 70
345 198
42 216
141 148
145 108
242 161
184 93
159 338
366 120
159 315
210 171
337 373
91 300
159 175
20 283
138 119
78 348
274 45
118 307
72 106
104 192
190 277
390 161
289 398
232 45
333 246
266 350
387 346
99 248
194 155
382 325
352 185
19 187
53 310
191 347
132 322
19 357
45 161
331 106
201 186
266 79
243 35
46 95
378 298
376 39
263 265
25 316
16 354
274 29
195 185
10 338
42 152
92 276
199 95
25 360
123 188
73 275
126 63
69 283
313 320
355 106
297 367
19 350
67 13
365 127
38 347
164 269
224 299
205 29
66 118
289 353
154 219
125 41
136 187
181 145
228 292
67 114
18 298
150 396
85 100
272 290
390 282
7 262
255 12
388 60
50 91
197 138
181 95
266 396
16 389
62 360
383 221
61 171
136 56
135 304
201 66
247 310
10 302
132 118
50 162
228 166
163 145
9 321
45 394
199 355
305 288
218 271
340 263
30 209
77 321
222 129
128 46
280 317
289 354
34 330
197 72
73 65
109 336
327 339
164 230
323 52
48 387
54 363
151 75
163 102
313 325
32 118
37 161
390 395
77 260
358 246
173 152
109 246
98 317
390 99
229 219
144 303
359 388
42 301
1 44
234 377
15 188
365 277
80 270
53 324
81 341
94 62
382 56
301 260
160 385
38 51
399 44
232 4
141 370
7 220
281 302
143 11
356 335
367 322
242 190
242 81
80 145
229 347
126 80
132 374
38 290
259 347
314 291
232 316
163 103
135 296
128 156
45 393
3 120
227 65
147 129
256 119
352 68
349 277
144 260
331 283
295 203
228 330
282 396
327 356
304 219
26 170
201 136
266 220
306 47
38 167
364 82
121 185
359 295
31 64
391 280
180 303
39 375
183 395
162 71
281 23
331 46
386 86
109 273
53 392
208 214
145 231
205 103
115 88
368 117
203 185
340 156
352 375
304 192
81 364
173 303
271 28
225 4
195 192
87 124
372 364
3 388
179 246
245 71
383 310
227 330
197 127
87 360
16 298
350 86
390 392
123 161
42 60
131 276
367 381
252 95
206 236
211 209
215 363
144 169
205 328
217 253
227 288
18 70
159 236
41 231
141 22
367 137
94 134
392 119
212 66
152 180
224 395
265 68
200 364
43 198
42 251
392 45
275 101
343 91
297 196
391 365
241 110
46 150
243 233
50 396
96 79
372 330
121 81
40 244
195 182
173 196
189 155
340 303
324 86
158 71
398 198
73 4
289 82
163 187
382 317
81 192
37 168
334 204
45 146
349 41
369 363
53 132
197 300
191 260
212 58
93 2
228 71
302 79
140 253
31 291
362 95
352 350
133 248
104 90
153 275
41 309
233 370
178 277
254 283
121 363
383 323
295 298
224 108
114 56
105 222
160 74
215 174
352 124
364 300
386 253
205 393
390 120
174 298
132 389
165 300
306 68
245 106
313 198
362 309
174 72
232 14
210 335
18 310
176 60
247 188
54 272
7 311
391 47
345 370
189 193
194 262
62 279
220 89
87 83
289 99
114 172
25 276
173 357
218 119
391 316
25 213
202 356
69 60
258 321
34 46
201 276
210 347
81 61
182 251
201 15
358 171
259 260
380 227
133 119
215 207
178 303
39 2
164 241
234 293
313 130
362 30
142 302
375 52
320 13
69 55
221 373
173 355
157 298
200 305
174 279
191 110
112 283
365 260
263 309
142 39
162 290
226 28
10 360
26 227
50 379
38 99
272 47
294 180
258 397
26 167
248 219
306 137
165 342
296 36
126 259
399 187
220 354
301 187
227 192
21 36
53 393
11 310
80 45
131 29
201 67
268 179
378 29
268 89
99 330
144 320
232 361
211 222
294 95
285 357
195 40
170 394
84 244
202 322
167 367
164 148
163 194
95 288
195 320
274 239
195 188
333 155
138 396
121 65
50 24
96 190
250 67
340 285
297 298
331 6
241 238
203 374
195 79
235 179
131 118
38 145
7 139
158 277
225 373
77 75
372 287
278 57
87 254
218 233
199 11
50 371
142 392
352 79
144 78
154 277
20 399
274 227
149 350
59 230
262 377
143 371
294 259
312 341
3 365
378 213
20 267
15 354
133 267
333 100
59 209
147 384
376 33
258 253
157 320
199 39
382 78
160 136
208 260
242 17
160 134
357 279
148 154
80 82
7 72
116 122
344 375
205 95
294 193
15 103
286 104
48 11
114 395
319 110
77 234
48 230
333 35
217 203
399 335
383 127
53 262
389 397
217 213
211 299
177 238
306 393
349 80
158 40
326 272
99 86
268 254
38 97
20 339
294 309
201 346
372 221
380 375
392 4
164 284
195 194
98 300
177 361
323 208
285 299
241 244
235 2
250 246
344 146
182 358
317 89
269 388
7 107
158 246
45 47
20 157
184 106
178 136
234 332
125 103
274 208
155 279
182 298
170 283
280 305
197 187
273 214
73 373
113 395
178 9
386 95
158 145
138 257
306 379
170 303
94 165
157 357
135 55
112 219
131 272
157 123
62 244
356 122
26 203
362 170
15 1
202 175
141 170
268 93
221 251
126 100
19 393
376 27
38 237
261 134
87 307
59 374
39 260
189 382
164 6
15 95
228 66
183 358
64 56
87 300
55 342
176 355
218 210
382 284
54 97
160 303
207 325
351 354
344 278
378 387
126 28
176 229
352 320
285 310
368 214
177 57
278 68
212 40
390 335
264 354
20 350
96 194
48 399
262 101
199 28
363 192
232 98
37 325
218 174
10 378
317 29
365 375
230 394
190 82
266 272
392 57
334 103
62 257
144 312
179 123
15 146
302 300
274 245
318 166
349 269
92 161
25 156
87 329
139 1
176 287
37 374
261 108
115 114
177 154
115 290
181 297
274 342
16 226
266 8
132 100
275 162
135 302
326 118
17 317
274 307
34 262
81 64
48 237
126 8
144 105
153 57
343 348
22 360
43 40
217 71
220 106
263 40
316 186
34 162
275 273
256 35
170 311
73 93
295 196
20 244
294 293
66 293
163 179
328 347
372 385
112 336
380 381
264 318
99 208
96 277
278 47
157 293
116 251
142 338
349 253
17 129
115 102
340 103
228 59
201 117
361 52
115 313
314 328
391 78
276 146
351 236
247 123
392 381
224 220
159 28
305 293
142 166
133 278
269 329
54 210
230 185
167 137
316 307
160 89
334 234
178 174
158 74
103 325
362 207
297 267
7 44
235 43
380 342
242 108
25 329
294 14
80 259
235 156
179 111
112 318
163 59
156 24
121 348
276 1
37 240
144 185
20 137
359 273
363 324
177 58
181 346
291 315
268 151
39 318
81 236
32 166
153 284
99 381
294 296
92 5
261 72
3 57
276 137
164 28
360 287
286 339
96 180
18 86
304 180
388 161
40 385
84 227
164 288
50 118
156 231
249 270
66 341
275 338
327 107
339 1
173 138
15 267
291 296
140 206
148 397
154 24
22 262
254 172
197 365
79 290
120 106
291 233
398 27
173 75
297 187
48 324
143 353
43 231
182 290
226 397
34 305
115 49
11 108
175 214
50 324
383 248
366 64
320 321
170 246
359 353
235 89
263 57
149 170
53 130
217 353
99 63
366 102
235 64
125 8
289 272
131 279
218 267
353 65
182 64
168 86
386 394
184 330
173 299
233 342
343 373
182 171
84 72
368 388
85 165
9 259
159 272
46 171
245 6
195 220
95 60
147 83
361 1
337 82
275 395
139 65
365 118
128 316
353 208
312 36
197 363
239 309
379 347
243 186
141 285
96 251
164 256
147 89
153 71
145 260
275 293
376 399
11 216
132 29
109 32
156 236
183 108
77 103
200 47
8 397
72 293
249 345
362 244
178 267
176 61
200 13
141 27
163 60
302 119
228 151
296 381
77 14
201 372
228 394
351 214
217 99
241 49
225 273
109 74
241 373
17 360
243 300
177 385
169 196
92 246
135 204
28 260
289 174
386 198
215 182
32 91
243 222
99 28
155 71
26 373
5 122
250 110
173 239
269 208
367 293
66 237
306 315
256 146
261 206
351 78
274 367
31 72
173 387
243 150
162 111
53 237
362 29
125 180
170 374
33 246
78 283
117 305
230 395
176 396
158 226
202 114
134 308
155 129
254 216
355 47
143 302
261 112
159 117
192 122
343 231
227 169
92 62
25 187
201 27
125 303
176 272
84 14
174 192
133 170
144 82
78 52
201 150
181 276
353 216
390 263
53 146
217 65
15 395
19 298
96 165
20 206
340 370
281 329
125 231
20 238
178 186
227 4
261 251
369 245
177 296
349 152
258 139
59 316
59 5
148 379
121 245
184 295
121 329
69 304
362 332
220 355
50 180
144 205
252 205
18 170
273 307
195 6
116 161
334 90
85 145
383 72
3 185
153 269
1 24
152 325
50 47
191 2
85 285
262 373
173 127
173 240
92 60
116 372
33 375
276 309
286 364
21 335
243 313
85 170
291 91
286 118
331 315
228 372
352 162
247 357
17 209
96 220
344 119
48 101
170 185
269 251
53 226
85 287
197 68
39 107
126 325
76 46
263 130
218 375
302 6
39 161
140 276
113 284
247 89
103 82
95 14
109 133
70 357
389 187
15 325
340 321
112 260
323 330
151 198
11 307
275 29
239 216
206 8
264 341
32 145
149 129
199 374
25 245
175 237
42 302
319 399
142 15
153 244
338 198
37 339
337 251
201 364
31 155
126 220
333 36
168 83
211 75
33 320
154 198
388 393
4 374
195 82
23 394
258 112
206 394
195 83
239 230
38 105
339 214
384 2
15 120
294 388
276 36
195 146
302 71
142 303
285 385
136 106
59 279
256 36
319 270
267 214
320 283
228 187
200 315
45 277
313 44
21 283
242 152
272 298
10 350
228 90
31 256
247 298
252 304
80 308
349 136
42 332
76 72
113 240
286 310
243 101
362 119
7 226
34 303
142 371
289 196
164 52
158 86
249 237
50 46
153 110
250 220
165 393
383 288
252 155
62 14
94 269
273 277
10 5
349 246
34 329
76 12
264 273
167 277
301 322
135 169
239 288
243 394
78 14
268 165
353 257
31 378
74 40
275 5
215 97
94 43
16 104
126 29
87 36
149 325
189 214
34 210
27 347
398 175
31 269
6 166
256 341
306 293
274 41
25 83
274 196
133 393
159 196
369 35
7 193
113 36
378 51
271 36
25 148
178 341
121 361
125 11
10 33
97 335
159 133
32 290
366 332
152 51
135 95
142 248
73 303
388 284
19 145
197 245
176 311
163 257
147 226
265 101
334 190
233 236
343 246
365 14
152 36
43 75
212 320
112 288
314 71
243 267
85 72
270 90
64 119
211 377
326 227
182 21
195 68
96 127
34 152
34 363
142 105
67 63
128 192
266 154
177 198
189 209
368 259
131 188
269 169
96 68
140 226
74 185
163 251
232 214
241 375
148 5
247 328
94 168
276 111
275 24
286 241
376 269
135 192
85 302
115 335
39 290
201 170
375 277
8 346
232 187
253 240
93 229
138 64
75 288
79 303
211 357
312 335
46 213
45 321
345 166
76 150
281 203
158 180
389 2
120 342
207 335
294 240
380 57
247 356
115 75
178 119
368 384
275 335
234 114
19 361
77 291
390 28
157 161
16 22
85 124
75 106
280 237
312 277
37 72
302 219
183 137
7 75
314 396
292 29
295 1
333 15
148 169
386 36
250 245
131 219
291 288
398 172
184 79
247 271
363 278
163 262
10 355
281 272
31 40
351 180
323 90
16 138
270 60
253 1
359 339
174 169
359 395
121 345
152 273
136 248
230 44
81 47
79 47
176 282
178 395
39 13
217 385
351 280
349 317
310 106
318 332
380 105
181 229
228 229
263 298
217 175
337 180
317 311
201 36
153 192
109 180
153 108
195 290
1 12
263 393
178 196
331 21
362 11
80 370
34 272
227 290
173 262
181 335
344 304
296 86
62 278
352 139
344 279
205 198
192 60
173 119
267 246
339 36
326 180
163 71
150 284
144 292
227 377
391 191
76 284
232 63
316 325
195 399
222 342
313 210
285 279
26 51
195 321
9 332
358 14
306 45
386 137
281 254
398 377
399 397
243 102
48 12
255 384
96 296
115 337
201 17
234 231
265 71
378 317
371 2
349 310
280 30
19 291
138 40
74 265
121 365
256 350
275 324
109 211
328 346
132 329
215 229
359 367
202 71
125 91
285 79
96 196
217 287
142 114
138 35
98 6
366 56
390 124
194 317
192 130
343 175
37 222
178 297
42 0
202 190
358 396
252 137
177 6
162 198
306 329
173 39
144 55
362 166
1 161
145 283
305 336
243 23
141 270
107 68
376 70
306 56
46 214
79 260
378 8
182 106
117 169
239 129
50 216
128 75
331 123
11 204
18 190
95 325
359 311
141 273
294 63
140 321
235 107
9 193
282 108
269 336
115 300
58 322
149 71
123 244
98 101
212 271
368 246
20 166
3 213
281 36
168 60
37 321
156 381
391 119
258 138
380 337
134 130
261 320
7 394
359 396
58 370
143 291
189 88
43 52
80 13
120 396
189 282
163 398
20 130
378 58
96 325
156 321
281 398
252 203
125 179
144 248
18 130
242 233
133 58
205 108
319 323
125 246
58 68
97 277
304 316
195 276
261 95
206 168
70 175
77 378
32 57
138 303
149 211
139 24
378 35
333 329
109 83
141 161
344 172
210 370
140 388
223 168
259 68
183 27
256 123
76 364
200 6
16 120
211 356
28 56
310 288
339 307
252 273
115 62
116 21
274 112
142 214
345 122
128 399
391 284
363 260
361 100
154 342
132 41
143 355
92 374
100 129
33 364
55 244
189 339
234 123
92 21
226 214
285 259
195 308
269 68
206 108
264 322
376 118
306 280
16 323
54 39
81 348
352 315
87 251
366 296
184 186
193 86
142 315
201 98
356 204
133 370
99 265
110 260
398 216
105 324
199 241
67 318
274 103
10 308
264 388
263 24
183 276
87 90
141 317
25 105
59 244
363 169
371 24
327 388
295 248
304 214
50 295
359 324
59 185
367 309
53 154
142 373
95 213
294 137
255 23
80 358
315 146
258 83
176 5
326 191
208 130
250 36
353 90
268 284
390 379
258 81
133 161
15 288
383 36
54 211
220 40
158 119
147 288
302 244
93 329
247 292
30 185
390 361
139 329
259 83
369 324
42 214
263 47
371 203
292 381
183 166
286 30
361 348
344 162
212 24
378 279
258 315
73 325
257 251
380 151
11 335
245 335
181 256
151 296
304 244
8 71
226 377
76 378
353 329
281 32
210 68
371 49
159 106
383 132
38 389
151 364
16 157
159 151
153 145
158 148
48 318
386 192
248 244
177 272
349 236
125 273
386 255
351 356
331 229
76 67
138 210
253 65
20 371
383 354
197 107
33 388
140 397
386 47
317 381
113 75
31 63
255 360
391 99
7 392
241 75
270 108
268 174
39 277
273 185
358 13
55 196
343 317
268 387
387 342
94 63
182 257
43 82
391 245
268 39
190 283
205 45
274 162
151 28
117 5
217 132
34 27
59 123
61 106
228 395
37 302
240 56
289 186
177 256
242 166
344 341
319 265
50 111
182 103
326 133
3 49
141 357
359 355
125 155
368 127
274 40
50 311
250 12
255 91
48 267
181 315
292 106
32 111
147 56
69 192
362 394
118 385
247 107
104 300
168 385
135 303
218 311
148 282
38 103
147 348
94 354
50 354
164 194
113 55
66 86
20 253
359 322
211 118
139 63
334 27
276 5
126 101
158 373
141 127
363 150
337 270
340 298
211 47
387 284
343 89
105 130
254 108
53 4
217 170
259 385
218 313
138 265
365 162
190 307
273 374
96 358
368 4
245 188
365 29
203 51
168 101
160 356
201 11
128 278
313 203
15 246
42 138
352 271
239 35
382 283
61 299
20 320
144 119
375 311
149 22
383 139
173 287
191 328
206 230
261 168
9 86
4 394
92 15
328 44
223 308
109 72
80 55
235 167
276 71
91 36
160 146
18 47
62 64
241 27
37 229
144 246
297 308
59 72
157 52
149 11
42 253
121 90
306 99
235 276
189 236
194 169
281 41
333 75
164 127
128 64
84 298
128 150
306 388
63 298
73 265
164 187
391 32
189 185
378 27
326 80
30 342
202 107
191 36
362 350
117 348
53 55
72 209
112 114
319 325
226 346
252 272
175 219
271 267
215 302
339 273
375 216
43 123
73 133
80 360
81 240
149 365
296 396
78 209
364 122
134 58
85 353
3 47
37 214
70 71
386 324
398 186
264 381
59 221
239 329
282 216
167 75
87 350
224 300
281 370
54 309
3 104
133 24
399 196
302 279
243 318
330 299
233 36
278 394
270 322
232 6
197 148
147 103
249 185
291 320
380 302
11 88
18 251
369 58
133 185
274 396
22 114
226 169
398 4
109 75
202 166
352 107
331 57
92 97
72 347
26 309
327 108
116 311
217 112
25 379
249 267
9 187
11 393
341 52
10 136
159 167
224 373
38 239
96 211
289 238
147 332
143 282
313 233
3 263
190 68
67 155
140 355
126 280
41 214
75 12
195 200
158 300
180 299
128 81
152 259
230 130
175 307
258 271
110 284
250 29
59 79
170 237
133 41
98 395
344 396
333 315
159 75
234 300
117 356
152 328
341 124
73 240
197 280
70 213
286 23
274 151
349 328
289 21
235 82
390 90
291 329
297 111
360 12
337 262
264 102
264 374
341 82
180 322
121 108
175 300
199 255
226 248
344 123
109 11
243 356
356 44
234 395
94 288
295 237
366 361
301 108
212 372
178 111
142 17
91 385
110 279
148 107
258 251
73 79
343 233
235 298
110 322
295 45
156 68
163 29
74 100
17 95
104 277
125 226
383 329
50 155
259 288
147 72
73 317
255 379
189 2
176 112
314 356
48 59
54 156
351 168
399 71
53 5
323 338
144 372
340 214
192 307
109 392
228 356
4 284
326 6
177 137
291 49
0 393
128 329
366 2
164 343
218 58
292 204
339 233
239 299
20 72
261 265
69 151
138 71
302 385
333 9
142 68
139 240
151 71
17 259
15 251
87 136
26 63
183 237
53 192
92 309
37 246
96 64
256 107
286 148
167 130
269 240
398 229
84 5
295 86
302 68
220 5
179 254
362 27
256 290
74 236
243 137
306 122
99 193
143 350
203 216
199 44
289 208
320 347
331 213
98 41
132 311
0 308
227 335
333 188
105 330
48 4
69 5
221 283
128 256
369 79
392 233
132 188
327 1
338 90
77 72
247 329
344 97
390 309
168 90
232 357
301 68
256 270
326 275
96 105
252 283
23 347
10 202
9 83
109 272
149 320
96 154
81 203
273 347
269 118
276 316
177 132
176 105
154 237
276 83
55 86
8 172
340 106
176 108
31 166
157 188
261 371
70 100
48 341
249 394
256 238
249 6
46 8
184 280
327 28
80 36
93 6
113 347
163 267
269 374
143 311
362 138
139 2
19 312
365 350
189 17
383 399
77 328
210 298
217 21
268 360
243 152
364 347
252 61
234 277
132 381
313 336
25 118
197 358
274 35
343 2
138 111
183 187
120 260
174 27
218 246
99 12
149 95
70 305
254 393
337 237
66 315
296 83
313 63
164 382
53 337
160 175
197 162
34 120
19 305
252 379
120 146
227 387
69 384
33 170
278 303
148 370
200 119
37 64
165 188
247 105
292 213
43 5
368 358
276 347
226 307
158 64
113 101
163 350
380 210
222 394
230 321
189 100
143 192
234 161
62 307
232 127
92 65
16 343
147 81
127 36
212 363
352 279
376 166
243 187
215 24
224 22
221 57
99 119
59 330
159 244
314 353
292 270
164 396
93 267
181 148
168 298
258 61
150 129
87 204
263 12
74 110
304 309
148 41
16 279
39 213
30 335
132 350
138 347
202 110
356 89
144 329
66 186
164 30
234 129
173 308
5 238
76 395
32 397
112 204
76 271
308 244
218 9
81 303
163 93
115 288
380 192
21 130
367 385
20 373
212 275
28 251
316 284
382 208
274 27
369 329
38 341
233 198
16 287
16 398
117 198
391 172
46 257
223 320
194 358
95 309
363 187
261 324
245 61
159 399
243 171
215 221
353 299
362 267
195 395
30 119
131 82
160 167
37 117
315 347
155 29
337 300
304 251
343 216
359 146
217 387
7 337
113 6
41 325
73 332
53 29
67 190
61 166
182 265
37 132
159 134
32 198
114 396
235 388
103 14
224 295
175 332
135 231
280 311
266 117
134 82
0 13
331 310
142 263
173 190
96 335
252 393
215 241
100 303
250 350
112 341
46 75
140 320
276 257
376 32
366 93
93 287
96 74
319 207
183 347
218 21
389 130
252 290
257 332
65 172
390 63
140 367
153 382
9 305
286 365
324 277
112 236
320 322
3 146
169 277
32 381
189 317
203 219
349 155
368 198
218 244
53 88
295 175
338 260
327 347
310 374
305 307
199 207
167 237
73 282
202 307
70 27
72 57
327 280
61 251
69 238
362 65
306 284
334 32
326 46
197 313
295 118
109 86
144 66
267 106
148 267
123 231
371 61
233 288
26 399
164 180
17 61
382 150
74 350
178 330
153 105
156 207
181 6
16 385
264 221
126 179
109 338
211 262
9 387
149 256
33 342
261 62
304 14
158 66
158 273
366 236
184 336
375 336
265 298
18 231
7 29
199 229
139 300
304 384
183 360
239 321
79 277
153 321
85 262
368 205
95 370
9 265
53 32
223 186
25 371
109 106
242 353
35 13
16 112
37 58
169 347
207 236
183 186
235 58
195 388
218 296
218 293
352 182
54 267
28 14
98 165
54 102
380 43
128 221
157 221
225 180
331 226
344 33
144 4
291 51
139 293
351 88
301 51
107 122
340 375
368 2
120 2
250 254
182 13
19 93
294 110
63 321
371 315
184 341
165 209
275 248
84 191
37 23
69 99
345 106
371 137
199 246
334 104
164 292
262 284
357 287
271 222
109 328
141 360
3 71
245 385
229 299
327 270
192 290
255 335
141 210
139 213
253 354
17 278
391 162
10 51
312 29
104 310
3 305
103 373
270 86